Label;Id
2015/06/23 15:01:31;1
Authors;2
Kyriakis-Bitzaros, E.D.;3
Nikolaidis, S.;4
Tatsaki, A.;5
Minato, S.;6
De Micheli, G.;7
Hoon Choi;8
In-Cheol Park;9
Seung Ho Hwang;10
Chong-Min Kyung;11
Burch, J.R.;12
Singhal, V.;13
In-Ho Moon;14
Jae-Young Jang;15
Hachtel, G.D.;16
Somenzi, F.;17
Jun Yuan;18
Pixley, C.;19
Salek, A.H.;20
Jinan Lou;21
Pedram, M.;22
Sakanushi, K.;23
Nakatake, S.;24
Kajitani, Y.;25
Phillips, J.R.;26
Ravi, S.;27
Lakshminarayana, G.;28
Jha, N.K.;29
Bogliolo, A.;30
Benini, L.;31
Ferrandi, F.;32
Macii, A.;33
Macii, E.;34
Poncino, M.;35
Scarsi, R.;36
Pai Chou;37
Hines, K.;38
Partridge, K.;39
Borriello, G.;40
Qi Wang;41
Vrudhula, S.B.K.;42
Yao-Wen Chang;43
Jai-Ming Lin;44
Wong, D.F.;45
Leyn, F.;46
Gielen, G.;47
Sansen, W.;48
Hamzaoglu, I.;49
Patel, J.H.;50
Chunho Lee;51
Potkonjak, M.;52
Sylvester, D.;53
Keutzer, K.;54
Hassoun, S.;55
Ebeling, C.;56
Young, F.Y.;57
Yih-Chih Chou;58
Youn-Long Lin;59
Haynal, S.;60
Brewer, F.;61
Restle, P.J.;62
Phillips, J.;63
Elfadel, I.;64
Narasimhan, M.;65
Ramanujam, J.;66
Kamhi, G.;67
Fix, L.;68
Saleh, R.;69
Overhauser, D.;70
Taylor, S.;71
Youxin Gao;72
Cortadella, J.;73
Kishinevsky, M.;74
Kondratyev, A.;75
Lavagno, L.;76
Taubin, A.;77
Yakovlev, A.;78
Scholl, C.;79
Becker, B.;80
Weis, T.M.;81
Pena, J.M.;82
Oliveira, A.L.;83
Conn, A.R.;84
Haring, R.A.;85
Visweswariah, C.;86
Junwei Hou;87
Chatterjee, A.;88
Gourary, M.;89
Ulyanov, S.;90
Zharov, M.;91
Rusakov, S.;92
Gullapalli, K.K.;93
Mulvaney, B.J.;94
Harlow, J.E., III;95
Brglez, F.;96
Naiknaware, R.;97
Fiez, T.;98
Jain, J.;99
Adams, W.;100
Fujita, M.;101
Cong, J.;102
Songjie Xu;103
Kucukcakar, K.;104
Demir, A.;105
Tong Li;106
Ching-Han Tsai;107
Sung-Mo Kang;108
Hong, I.;109
Srivastava, M.B.;110
Nguyen, T.V.;111
Devgan, A.;112
Sadigh, A.;113
Gupta, A.;114
Hayes, J.P.;115
Kirovski, D.;116
Yean-Yow Hwang;117
Papaefthymiou, M.C.;118
Thorp, T.;119
Gin Yee;120
Sechen, C.;121
Wein, E.;122
Hasteer, G.;123
Mathur, A.;124
Banerjee, P.;125
Kang, M.Z.;126
Dai, W.W.-M.;127
Kapur, S.;128
Long, D.E.;129
Tarafdar, S.;130
Leeser, M.;131
Zixin Yin;132
Ortega, R.B.;133
Zhanping Chen;134
Roy, K.;135
Chong, E.K.P.;136
Huynh, S.D.;137
Seongwon Kim;138
Soma, M.;139
Jinyan Zhang;140
Beeftink, F.;141
Kudva, P.;142
Kung, D.;143
Stok, L.;144
Pei-Hsin Ho;145
Isles, A.J.;146
Kam, T.;147
Wichlund, S.;148
Aas, E.J.;149
Gang Qu;150
Potkonjak, K.;151
Chauchin Su;152
Ziegenbein, D.;153
Richter, K.;154
Ernst, R.;155
Teich, J.;156
Thiele, L.;157
Matsunaga, Y.;158
Aitken, R.;159
Nakamura, K.;160
Takagi, K.;161
Kimura, S.;162
Watanabe, K.;163
;164
Kuen-Jong Lee;165
Jih-Jeen Chen;166
Chen-Hua Huang;167
Lach, J.;168
Mangione-Smith, W.H.;169
Chung-Ping Chen;170
Chu, C.C.N.;171
Hirata, A.;172
Onodera, H.;173
Tamaru, K.;174
Semeria, L.;175
Cocchini, P.;176
Pedram, N.;177
Piccinini, G.;178
Zamboni, M.;179
Yanbing Li;180
Wolf, W.;181
Iyer, B.;182
Ciesielski, M.J.;183
Hsu, F.F.;184
Smith, J.;185
Ashar, P.;186
Bhattacharya, S.;187
Raghunathan, A.;188
Mukaiyama, A.;189
Jhat, N.K.;190
Dey, S.;191
del Mar Hershenson, M.;192
Boyd, S.P.;193
Lee, T.H.;194
Pinar, A.;195
Liu, C.L.;196
Tzu Chieh Tien;197
Hsiao Pin Su;198
Yu Wen Tsay;199
Chau-Shen Chen;200
TingTing Hwang;201
Hsiao, M.S.;202
Abraham, J.;203
Zorian, Y.;204
Dick, R.P.;205
Min Zhao;206
Sapatnekar, S.S.;207
Ranjan, R.K.;208
Brayton, R.K.;209
Gross, P.D.;210
Arunachalam, R.;211
Rajagopal, K.;212
Pileggi, L.T.;213
Govindaraju, S.G.;214
Dill, D.L.;215
Hein, S.;216
Nagasamy, V.;217
Rohfleisch, B.;218
Kozyrakis, C.E.;219
Dutt, N.;220
Catthoor, F.;221
Kawakita, M.;222
Guerra, L.M.;223
Tekumalla, R.C.;224
Menon, P.R.;225
Chowdhary, A.;226
Kale, S.;227
Saripella, P.;228
Sehgal, N.;229
Gupta, R.;230
Gosti, W.;231
Narayan, A.;232
Sangiovanni-Vincentelli, A.L.;233
Huiqun Liu;234
Verhaegh, W.F.J.;235
Aarts, E.H.L.;236
van Gorp, P.C.N.;237
Debyser, G.;238
Gong, J.;239
Sung Kyu Lim;240
Pendurkar, R.;241
Roy, S.;242
Arts, H.;243
Strehl, K.;244
Boppana, V.;245
Fuchs, I.K.;246
Bommu, S.K.;247
Chakradhar, S.T.;248
Doreswamy, K.B.;249
Sinha, S.;250
Hegde, R.;251
Shanbhag, N.R.;252
Tao Lin;253
Acar, E.;254
Pileggi, L.;255
Roychowdhury, J.;256
Hustin, S.;257
Verhulst, E.;258
Saxena, P.;259
Qingjian Yu;260
Wang, J.M.;261
Kuh, E.S.;262
Dragan, F.F.;263
Kahng, A.B.;264
Mandoiu, I.;265
Muddu, S.;266
Zelikovsky, A.;267
Ahmed Shebaita;268
Amin, C.;269
Dartu, F.;270
Ismail, Y.;271
Vanassche, P.;272
Sansen, Willy;273
Alpert, C.J.;274
Jiang Hu;275
Sze, C.N.;276
2015/06/23 15:09:14;277
Sukharev, V.;278
Xin Huang;279
Hai-Bao Chen;280
Tan, S.X.-D.;281
Puri, R.;282
Awad, A.;283
Takahashi, A.;284
Tanaka, S.;285
Kodama, C.;286
Garg, V.;287
Raghuvanshi, A.;288
Perkowski, M.;289
Tida, U.R.;290
Mittapalli, V.;291
Cheng Zhuo;292
Yiyu Shi;293
Tianshu Wei;294
Qi Zhu;295
Maasoumy, M.;296
Cong Xu;297
Pai-Yu Chen;298
Dimin Niu;299
Yang Zheng;300
Shimeng Yu;301
Yuan Xie;302
Ying Teng;303
Taskin, B.;304
Sheng-Wei Cheng;305
Yu-Fen Chang;306
Yuan-Hao Chang;307
Hsin-Wen Wei;308
Wei-Kuan Shih;309
Kuo-Kai Hsieh;310
Wen Chen;311
Wang, L.-C.;312
Bhadra, J.;313
Capodieci, L.;314
Liebmann, L.W.;315
Topaloglu, R.O.;316
Sampaio, F.;317
Shafique, M.;318
Zatt, B.;319
Bampi, S.;320
Henkel, J.;321
Sai Manoj, P.D.;322
Hao Yu;323
Chenji Gu;324
Li Lei;325
Kai Cong;326
Zhenkun Yang;327
Fei Xie;328
Condrat, C.;329
Kalla, P.;330
Blair, S.;331
Choday, S.H.;332
Kon-Woo Kwon;333
Tsung-Wei Huang;334
Pei-Ci Wu;335
Wong, M.D.F.;336
Shuang Chen;337
Yanzhi Wang;338
Canedo, A.;339
Jiang Wan;340
Al Faruque, M.A.;341
Wenjian Yu;342
Chao Zhang;343
Qing Wang;344
Petkovska, A.;345
Novo, D.;346
Mishchenko, A.;347
Ienne, P.;348
Yili Ding;349
Yi Wu;350
Weikang Qian;351
Xiaotao Jia;352
Yici Cai;353
Qiang Zhou;354
Gang Chen;355
Zhuoyuan Li;356
Zuowei Li;357
Haotian Liu;358
Batselier, K.;359
Ngai Wong;360
Chih-Jen Hsu;361
Wei-Hsun Lin;362
Chi-An Wu;363
Kei-Yong Khoo;364
Sayilar, G.;365
Chiou, D.;366
Yang Liu;367
Shiyan Hu;368
Tsung-Yi Ho;369
Yan Fang;370
Yashin, V.V.;371
Seel, A.J.;372
Jennings, B.;373
Barnett, R.;374
Chiaralli, D.M.;375
Levitan, S.P.;376
Wendt, J.B.;377
Velev, M.N.;378
Ping Gao;379
Xueqian Zhao;380
Zhuo Feng;381
Jie Wu;382
Jinjun Xiong;383
Shil, P.;384
Hoskote, Y.;385
Klotchkov, I.;386
Shahrjerdi, D.;387
Rajendran, J.;388
Garg, S.;389
Koushanfar, F.;390
Karri, R.;391
Gang Wu;392
Hsin-Ho Huang;393
Chu, C.;394
Beerel, P.A.;395
Amrouch, H.;396
van Santen, V.M.;397
Ebi, T.;398
Wenzel, V.;399
Wei-Che Wang;400
Gupta, P.;401
Yu-Ming Yang;402
Yu-Wei Chang;403
Jiang, I.H.-R.;404
Shupeng Sun;405
Xin Li;406
Mingxing Tan;407
Bin Liu;408
Dai, S.;409
Zhiru Zhang;410
Xue Lin;411
Bogdan, P.;412
Naehyuck Chang;413
de San Pedro, J.;414
Roca, A.;415
Jian Kuang;416
Young, E.F.Y.;417
Maksimovic, D.;418
Bao Le;419
Veneris, A.;420
Schneider, E.;421
Holst, S.;422
Xiaoqing Wen;423
Wunderlich, H.-J.;424
Zheng Zhao;425
Chian-Wei Liu;426
Chun-Yao Wang;427
Jin Miao;428
Gerstlauer, A.;429
Orshansky, M.;430
Gung-Yu Pan;431
Lai, B.-C.C.;432
Sheng-Yen Chen;433
Jing-Yang Jou;434
Jain, A.;435
Parikh, R.;436
Bertacco, V.;437
Arbel, E.;438
Koyfman, S.;439
Moran, S.;440
Meng-Kai Hsu;441
Katta, N.;442
Lin, H.Y.-H.;443
Lin, K.T.-H.;444
Tam, K.H.;445
Wang, K.C.-H.;446
Dhanwada, Nagu;447
Davis, Rhett;448
Frenkil, Jerry;449
Po-Yang Hsu;450
Pei-Lan Lin;451
Wing-Kai Chow;452
Nothaft, F.A.;453
Fernandez, L.;454
Cefali, S.;455
Shah, N.;456
Rael, J.;457
Darnell, L.;458
Hu, Jin;459
Sinha, Debjit;460
Keller, Igor;461
Tuck Boon Chan;462
Kwangsoo Han;463
Kagalwalla, A.A.;464
Sahouria, E.;465
Wen-Hao Liu;466
Zhen-Yu Peng;467
Ting-Chi Wang;468
Haitong Tian;469
Yuelin Du;470
Hongbo Zhang;471
Zigang Xiao;472
Posser, G.;473
Mishra, V.;474
Jain, P.;475
Reis, R.;476
Chakrabarty, K.;477
Bhattacharya, B.B.;478
Banerjee, A.;479
Shintani, M.;480
Sato, T.;481
Shu-Hung Lin;482
Lin, M.P.-H.;483
Yang Zhao;484
Rozier, K.Y.;485
Wenjie Che;486
Plusquellic, J.;487
Bhunia, S.;488
Vaidyanathan, K.;489
Liebmann, L.;490
Strojwas, A.;491
Chenguang Shen;492
Haksoo Choi;493
Chakraborty, S.;494
Srivastava, M.;495
Lin Yuan;496
Sen, S.;497
Myung-Chul Kim;498
Jin Huj;499
Viswanathan, N.;500
Chew, M.;501
Aslyan, A.;502
Choy, J.-H.;503
Tao Wang;504
Chun Zhang;505
Pei-Wen Luo;506
Liang-Chia Cheng;507
Ya Wang;508
Peng Li;509
Suming Lai;510
Beiye Liu;511
Hai Li;512
Yiran Chen;513
Tingwen Huang;514
Qing Wu;515
Barnell, M.;516
Zhu, C.S.;517
Weissenbacher, G.;518
Malik, S.;519
Yinhe Han;520
Ying Wang;521
Huawei Li;522
Xiaowei Li;523
Longfield, S.;524
Manohar, R.;525
Jie Zhang;526
Guantong Su;527
Yannan Liu;528
Lingxiao Wei;529
Feng Yuan;530
Guoqiang Bai;531
Qiang Xu;532
Wang, M.;533
Yates, A.;534
Markov, I.L.;535
Gi-Joon Nam;536
Hua-Yu Chang;537
Nassif, S.R.;538
Hayes, J.;539
Chung-Wei Lin;540
Sangiovanni-Vincentelli, A.;541
Mahmutoglu, A.G.;542
Li Li;543
Hai Zhou;544
Cotter, M.;545
Advani, S.;546
Sampson, J.;547
Irick, K.;548
Narayanan, V.;549
Taeyoung Kim;550
Bowen Zheng;551
Hussain, S.U.;552
Yellapantula, S.;553
Majzoobi, M.;554
Zaheer, M.;555
Chenjie Gu;556
Donkyu Baek;557
Jeongmin Hong;558
van Staa, Peter;559
Devadas, Srinivas;560
Banerjee, D.;561
Muldrey, B.;562
Xian Wang;563
Kalonakis, C.;564
Antoniadis, C.;565
Giannakou, P.;566
Dioudis, D.;567
Pinitas, G.;568
Stamoulis, G.;569
Teng Xu;570
Deest, G.;571
Yuki, T.;572
Sentieys, O.;573
Derrien, S.;574
Zhao Wang;575
Xiao He;576
Sechen, C.M.;577
Hsin-Chun Lin;578
Liu, S.S.-Y.;579
Hung-Ming Chen;580
Plaza, S.M.;581
Samal, S.K.;582
Samadi, K.;583
Kamal, P.;584
Du, Y.;585
Moning Zhang;586
Yang Tang;587
Zuochang Ye;588
Palit, I.;589
Qiuwen Lou;590
Niemier, M.;591
Sedighi, B.;592
Nahas, J.;593
Hu, X.S.;594
Huang Hantao;595
Dongjun Xu;596
Zhigang Hao;597
Keszocze, O.;598
Wille, R.;599
Drechsler, R.;600
Yu-Chen Chen;601
Sridhar, A.;602
Sabry, M.M.;603
Ruch, P.;604
Atienza, D.;605
Michel, B.;606
Hsueh-Ling Yu;607
Yih-Lang Li;608
Tzu-Yi Liao;609
Tianchen Wang;610
Shu-Fei Tsai;611
Raychowdhury, A.;612
Bin Nasir, S.;613
Gangopadhyay, S.;614
Soeken, M.;615
Yu-Hsuan Su;616
Yu-Chen Huang;617
Liang-Chun Tsai;618
Banerjee, S.;619
Sengupta, D.;620
Nian-Ze Lee;621
Jiang, J.-H.R.;622
Ping Chi;623
Tao Zhang;624
Xiangyu Dong;625
Yen-Ting Yu;626
Yumin Zhang;627
Chiang, C.;628
Jiang, Iris Hui-Ru;629
Viswanathan, Natarajan;630
Chen, Tai-Chen;631
Li, Jin-Fu;632
2015/06/23 15:06:09;633
Paul, S.;634
Mukhopadhyay, S.;635
Chatterjee, S.;636
Jiniun Xionq;637
Zolotov, V.;638
Krishnaswamy, S.;639
Haoxing Ren;640
Modi, N.;641
Chakraborty, R.S.;642
Chuan Xu;643
Lijun Jiang;644
Kolluri, S.K.;645
Rubin, B.J.;646
Deutsch, A.;647
Smith, H.;648
Banerjee, K.;649
Yong Zhang;650
Schubert, K.-D.;651
Yi Zou;652
Trivedi, K.S.;653
Dong Seong Kim;654
Ghosh, R.;655
Riedel, M.D.;656
Bazargan, K.;657
Lilja, D.J.;658
Yu-Chen Lin;659
Wai-Kei Mak;660
Gupta, M.;661
Kwangok Jeong;662
Jouppi, N.P.;663
Tsota, K.;664
Cheng-Kok Koh;665
Balakrishnan, V.;666
Kanj, R.;667
Joshi, R.;668
Adams, C.;669
Warnock, J.;670
Nassif, S.;671
Yung-Chih Chen;672
Athanasopoulos, P.;673
Brisk, P.;674
Leblebici, Y.;675
Faruque, M.;676
Mingjing Chen;677
Orailoglu, A.;678
Ollikainen, N.;679
Sentovich, E.;680
Coelho, C.;681
Kuehlmann, A.;682
Kortemme, T.;683
Seonggwan Lee;684
Seungwhun Paik;685
Youngsoo Shin;686
Xiaoji Ye;687
Narasimhan, S.;688
Mizunuma, H.;689
Chia-Lin Yang;690
Yi-Chang Lu;691
Moffitt, M.D.;692
Linsheng Zhang;693
Yan Zhang;694
Wenbiao Zhou;695
Ke-Ren Dai;696
Chien-Hung Lu;697
Wei Jiang;698
Xiaoyi Wang;699
Tan, S.X.;700
Eguia, T.;701
Soogine Chong;702
Akarvardar, K.;703
Parsa, R.;704
Jun-Bo Yoon;705
Howe, R.T.;706
Mitra, S.;707
Wong, H.-S.P.;708
Rutenbar, R.R.;709
Blanton, R.D.;710
Dae Hyun Kim;711
Athikulwongse, K.;712
Zheng Zhang;713
Chi-Un Lei;714
Agarwal, K.;715
Acharyya, D.;716
Shea, A.;717
Riedel, M.;718
Fett, B.;719
Parhi, K.;720
Roy, J.A.;721
Liu, C.-H.;722
Shih-Yi Yuan;723
Sy-Yen Kuo;724
Jung-Hung Weng;725
Chun-Hsien Lin;726
Rasouli, S.H.;727
Endo, K.;728
Fong-Yuan Chang;729
Ren-Song Tsay;730
Po-Wei Lee;731
Lin, C.-W.;732
Chin-Fang Shen;733
Wei-Chih Tseng;734
Wei Yao;735
Lei He;736
Pamarti, S.;737
Blaauw, D.;738
Tan Yan;739
Hui Kong;740
Verma, A.K.;741
Myers, C.J.;742
Barker, N.;743
Kuwahara, H.;744
Jones, K.;745
Madsen, C.;746
Nguyen, N.-P.D.;747
Yu-Shih Su;748
Wing-Kai Hon;749
Cheng-Chih Yang;750
Shih-Chieh Chang;751
Yeong-Jar Chang;752
Miyase, K.;753
Yamato, Y.;754
Noda, K.;755
Ito, H.;756
Hatayama, K.;757
Aikyo, T.;758
Kajihara, S.;759
Croix, J.F.;760
Khatri, S.P.;761
Bing Li;762
Ning Chen;763
Schlichtmann, U.;764
Donghwa Shin;765
Jihun Kim;766
Jinhang Choi;767
Sung Woo Chung;768
Eui-Young Chung;769
Heloue, K.R.;770
Kashyap, C.V.;771
Najm, F.N.;772
Bauer, L.;773
Yenpo Ho;774
Huang, G.M.;775
Ming-Chao Lee;776
Yu-Ting Chen;777
Yo-Tzu Cheng;778
Castrillon, J.;779
Diandian Zhang;780
Kempf, T.;781
Vanthournout, B.;782
Leupers, R.;783
Ascheid, G.;784
Rasquinha, M.;785
Yalamanchili, S.;786
Jaeyong Chung;787
Abraham, J.A.;788
Silveira, L.M.;789
Rahmati, D.;790
Murali, S.;791
Angiolini, F.;792
Sarbazi-Azad, H.;793
Chan, T.F.;794
Radke, E.;795
Bruttomesso, R.;796
Sharygina, N.;797
Bansal, A.;798
Singh, R.N.;799
Kanj, R.N.;800
Jin-Fuw Lee;801
Singhee, A.;802
Keunwoo Kim;803
Ching-Te Chuang;804
Fook-Luen Heng;805
Das, K.K.;806
Nikitin, N.;807
Palla, M.;808
Bargfrede, J.;809
Eggersgluss, S.;810
Anheier, W.;811
El-Moselhy, T.A.;812
Elfadel, I.M.;813
Daniel, L.;814
ShengYu Shen;815
JianMin Zhang;816
Ying Qin;817
Sikun Li;818
S&#x0327;819
uvak, O.;820
Jiying Xue;821
Yangdong Deng;822
Hongrui Wang;823
Liu Yang;824
Zhiping Yu;825
Yue Xu;826
Alves, N.;827
Dworak, J.;828
Bahar, I.;829
Nepal, K.;830
Shao-Lun Huang;831
Chung-Yang Huang;832
Tsuk, M.;833
Dvorscak, D.;834
Chin Siong Ong;835
White, J.;836
Singh, A.K.;837
Ku He;838
Caramanis, C.;839
Tzuo-Fan Chien;840
Wen-Chi Chao;841
Chien-Mo Li;842
Kuan-Yu Liao;843
Ming-Tung Chang;844
Min-Hsiu Tsai;845
Chih-Mou Tseng;846
Baoxian Zhao;847
Aydin, H.;848
Hsuan-Po Lin;849
Wei-Lun Hung;850
Jayaseelan, R.;851
Mitra, T.;852
Young-Joon Lee;853
Goel, R.;854
Wang, B.D.;855
Shuai Mu;856
Xin Zhao;857
Lewis, D.L.;858
Lee, H.-H.S.;859
Zhe Feng;860
Yu Hu;861
Majumdar, R.;862
Alizadeh, B.;863
Ping Zhou;864
Bo Zhao;865
Jun Yang;866
Youtao Zhang;867
Min Gong;868
Jun Tao;869
Xuan Zeng;870
Yi-Lin Chuang;871
Tiwary, S.K.;872
Pinello, C.;873
Zlatanovici, R.;874
Thornquist, H.K.;875
Keiter, E.R.;876
Hoekstra, R.J.;877
Day, D.M.;878
Boman, E.G.;879
Yanheng Zhang;880
Liang Li;881
Zaichen Qian;882
Onaissi, S.;883
Yue Qian;884
Zhonghai Lu;885
Wenhua Dou;886
Ullah, E.;887
Kyongbum Lee;888
Lu Wan;889
Deming Chen;890
Hao Xu;891
Vemuri, R.;892
Wen-Ben Jone;893
Hengyu Long;894
Yongpan Liu;895
Yiqun Wang;896
Huazhong Yang;897
Ying Tan;898
Wei Liu;899
Qinru Qiu;900
Jaffari, J.;901
Anis, M.;902
Mingche Lai;903
Lei Gao;904
Nong Xiao;905
Zhiying Wang;906
Li Jiang;907
Mak, T.M.;908
Hanumaiah, V.;909
Vrudhula, S.;910
Chatha, K.S.;911
Ghaida, R.S.;912
Li, Y;913
Mutlu, O.;914
Chakraborty, R.;915
Sathanur, A.V.;916
Jandhyala, V.;917
Tsun-Ming Tseng;918
Chao, M.C.-T.;919
Chien-Pang Lu;920
Chen-Hsing Lo;921
Vaidyanathan, B.;922
Oates, A.S.;923
Casanova, J.;924
Ozdal, M.M.;925
Hentschke, R.F.;926
Chin-Hsiung Hsu;927
Chi-Chao Wang;928
Wei Zhao;929
Liu, F.;930
Min Chen;931
Yu Cao;932
Huan-Kai Peng;933
Wen, C.H.-P.;934
Yujia Feng;935
Wei Dong;936
Tschanz, J.;937
Bowman, K.;938
Wilkerson, C.;939
Shih-Lien Lu;940
Karnik, T.;941
Alkabani, Y.;942
Dakai Zhu;943
Lin, Lang;944
Burleson, W.;945
Paar, C.;946
Dong-Jin Lee;947
Hai Wei;948
Lan Wei;949
Patil, N.;950
Lin, A.;951
Shulaker, M.M.;952
Hong-Yu Chen;953
Yen-Jung Chang;954
Tsung-Hsien Lee;955
2015/06/23 15:02:59;956
Givargis, T.;957
Vahid, F.;958
Shelar, R.S.;959
Singh, A.;960
Parthasarathy, G.;961
Marek-Sadowska, M.;962
Ajami, A.H.;963
Rewienski, M.;964
Ciric, J.;965
Ying-Tsai Chang;966
Kwang-Ting Cheng;967
Shaw, D.;968
Al-Khalili, D.;969
Rozon, C.;970
Chen Wang;971
Pomeranz, I.;972
Reddy, S.M.;973
Yu-Min Lee;974
Chem, C.C.-P.;975
Zijiang Yang;976
Lintao Zhang;977
Peymandoust, A.;978
Ogrenci Memik, S.;979
Bozorgzadeh, E.;980
Kastner, R.;981
Sarrafzadeh, M.;982
Ting-Yen Chiang;983
Saraswat, K.C.;984
Minqing Liu;985
Tiejun Yu;986
Wong, J.L.;987
Meguerdichian, S.;988
Verkest, D.;989
Yang, P.;990
Wong, C.;991
Marchal, P.;992
Balarin, F.;993
Chan, S.C.;994
Shepard, K.L.;995
Beltrame, G.;996
Brandolese, C.;997
Fornaciari, W.;998
Salice, F.;999
Sciuto, D.;1000
Trianni, V.;1001
Raghunathan, V.;1002
Memik, G.;1003
Hu, W.;1004
Daems, W.;1005
Jianwen Zhu;1006
Rogers, E.S., Sr.;1007
Kozhaya, J.N.;1008
Aloul, F.A.;1009
Sakallah, K.A.;1010
Akturan, C.;1011
Jacome, M.F.;1012
Kanapka, J.;1013
Chauhan, P.;1014
Clarke, E.M.;1015
Jha, S.;1016
Kukula, J.;1017
Shiple, T.;1018
Veith, H.;1019
Wang, D.;1020
Devadas, S.;1021
Engels, D.;1022
Rudolph, L.;1023
Larsson, E.;1024
Peng, Z.;1025
Carlsson, G.;1026
Marculescu, D.;1027
Iyer, A.;1028
Kandemir, M.;1029
Sezer, U.;1030
Delaluz, V.;1031
Neumann, I.;1032
Kunz, W.;1033
Baumgartner, J.;1034
Jinsheng Xu;1035
Moon Jung Chung;1036
Verma, V.;1037
Dutt, S.;1038
Chandar, S.G.;1039
Mehendale, M.;1040
Govindarajan, R.;1041
Gopalakrishnan, P.;1042
Rutenbar, R.A.;1043
Hua Xiang;1044
Xiaoping Tang;1045
Daehong Kim;1046
Jinyong Jung;1047
Sunghyun Lee;1048
Jinhwan Jeon;1049
Kiyoung Choi;1050
Haihua Su;1051
Sinha, A.;1052
Chandrakasan, A.P.;1053
Krasnicki, M.J.;1054
Phelps, R.;1055
Hellums, J.R.;1056
McClung, M.;1057
Carley, L.R.;1058
Shen Lin;1059
Chang, N.;1060
Wu, K.;1061
Rakhmatov, D.N.;1062
Glebov, A.;1063
Gavrilov, S.;1064
Sirichotiyakul, S.;1065
Chanhee Oh;1066
Ogrenci-Memik, S.;1067
Chih-Wei Chang;1068
Chun-Gi Lyuh;1069
Taewhan Kim;1070
Madigan, C.F.;1071
Moskewicz, M.H.;1072
Kutzschebauch, T.;1073
Alba-Pinto, C.;1074
Mesman, B.;1075
Jess, J.;1076
Zhenhai Zhu;1077
Jingfang Huang;1078
Song, B.;1079
Rossello, J.L.;1080
Segura, J.;1081
Nak-Woong Eum;1082
Dian Zhou;1083
Xieting Ling;1084
Yevtushenko, N.;1085
Villa, T.;1086
Petrenko, A.;1087
Yonghee Im;1088
Xiaoyun Sun;1089
Seonki Kim;1090
Vinnakota, B.;1091
Victor, B.;1092
Ruiqi Tian;1093
San Millan, E.;1094
Entrena, L.;1095
Espejo, J.A.;1096
Ramey, C.;1097
Barner, C.;1098
Asher, D.;1099
Hoffmann, A.;1100
Schliebusch, O.;1101
Nohl, A.;1102
Braun, G.;1103
Wahlen, O.;1104
Meyr, H.;1105
Khatri, S.R.;1106
Haldar, M.;1107
Nayak, A.;1108
Choudhary, A.;1109
Ma, J.D.Z.;1110
Bobba, S.;1111
Aingaran, K.;1112
Liu, D.;1113
Ostapko, D.L.;1114
Soreff, J.;1115
Wong, C.K.;1116
Alpert, C.;1117
Bao Liu;1118
Leenaerts, D.;1119
Graeb, H.;1120
Zizala, S.;1121
Eckmueller, J.;1122
Antreich, K.;1123
Marculescu, R.;1124
Nandi, A.;1125
Lieverse, P.;1126
Stefanov, T.;1127
van der Wolf, P.;1128
Deprettere, E.;1129
Coelho, C.P.;1130
Stoffel, D.;1131
Kudlugi, M.;1132
Selvidge, C.;1133
Tessier, R.;1134
Xiaohai Wu;1135
Xianlong Hon;1136
Yici Ca;1137
Cheng, C.K.;1138
Jun Gu;1139
Dai, W.;1140
Parameswaran, S.;1141
McDonald, C.B.;1142
Bryant, R.E.;1143
Mo, F.;1144
Tabbara, A.;1145
Heydari, P.;1146
Hlavicka, J.;1147
Fiser, P.;1148
Hongchao Liu;1149
Xiaobo Hu;1150
Fang, J.;1151
Zhang, Y.;1152
Xiaojian Yang;1153
Faroe, O.;1154
Pisinger, D.;1155
Zachariasen, M.;1156
Vancorenland, P.;1157
Van der Plas, G.;1158
Steyaert, M.;1159
Zhanyuan Jiang;1160
Zhuo Li;1161
Weiping Shi;1162
Boning, D.;1163
Hakim, N.;1164
Tung-Chieh Chen;1165
Zhe-Wei Jiang;1166
Tien-Chang Hsu;1167
Hsin-Chen Chen;1168
Ortiz, S.;1169
Suaya, R.;1170
Min Xie;1171
Ki-Wook Kim;1172
Chuan Lin;1173
Zhaohui Fu;1174
Pan, D.Z.;1175
Villarubia, P.G.;1176
2015/06/23 15:04:49;1177
Bhardwaj, S.;1178
Ghanta, P.;1179
Xiaolue Lai;1180
Luican, I.I.;1181
Zhu, H.;1182
Balasa, F.;1183
Chiu, G.R.;1184
Singh, D.P.;1185
Manohararajah, V.;1186
Brown, S.D.;1187
Shih-Hsien Kuo;1188
Brayton, R.;1189
Samanta, R.;1190
Venkataraman, G.;1191
Sundararajan, P.;1192
Gayasen, A.;1193
Vijaykrishnan, N.;1194
Tuan, T.;1195
Zhong, X.;1196
Cheng-Zhong Xu;1197
Sheldon, D.;1198
Kumar, R.;1199
Tullsen, D.;1200
Lysecky, R.;1201
Venkataramani, G.;1202
Goldstein, S.C.;1203
Seok-Won Seong;1204
Mishra, P.;1205
Spindler, P.;1206
Johannes, F.M.;1207
Kumar, S.V.;1208
Kim, C.H.;1209
Nawale, V.;1210
Chen, T.W.;1211
Shuo Wang;1212
Lei Wang;1213
Julvez, J.;1214
Hester, P.;1215
Shuo Zhou;1216
Yi Zhu;1217
Yuanfang Hu;1218
Graham, R.;1219
Hutton, M.;1220
Chung-Kuan Cheng;1221
Wei, T.;1222
Kaijie Wu;1223
Han Liang;1224
Sharma, P.;1225
Mrabet, H.;1226
Marrakchi, Z.;1227
Souillot, P.;1228
Mehrez, H.;1229
Wan-Ping Lee;1230
Liu, H.-Y.;1231
Schirner, G.;1232
Domer, R.;1233
Tahoori, M.B.;1234
Jian-Jia Chen;1235
Tei-Wei Kuo;1236
Manolios, P.;1237
Srinivasan, S.K.;1238
Vroon, D.;1239
Sheini, H.M.;1240
Shih-Hsu Huang;1241
Chia-Ming Chang;1242
Yow-Tyng Nieh;1243
Yu Zhou;1244
Sokolov, D.;1245
McConaghy, T.;1246
Garg, Siddharth;1247
Labrecque, C.;1248
Parkhurst, J.;1249
Darringer, J.;1250
Grundmann, B.;1251
Kulkarni, S.H.;1252
Ghani, N.H.A.;1253
Yiping Fan;1254
Shinkai, K.;1255
Hashimoto, M.;1256
Kurokawa, A.;1257
Onoye, T.;1258
Chin-Hsien Wu;1259
Eric Wong;1260
Minz, J.;1261
Sheng-Chih Lin;1262
Mukherjee, R.;1263
Memik, S.O.;1264
Wei-Shen Wang;1265
Sungpack Hong;1266
Sungjoo Yoo;1267
HoonSang Jin;1268
Kyu-Myung Choi;1269
Jeong-Taek Kong;1270
Soo-Kwan Eo;1271
Choudhury, M.R.;1272
Quming Zhou;1273
Mohanram, K.;1274
Leventhal, S.;1275
Renshen Wang;1276
Rui Shi;1277
Cabodi, G.;1278
Murciano, M.;1279
Nocco, S.;1280
Quer, S.;1281
Chou, S.-J.;1282
Wei-Ting Tu;1283
Shun-Yen Lu;1284
Pei-Ying Hsieh;1285
Jing-Jia Liou;1286
Boser, B.E.;1287
Evmorfopoulos, N.;1288
Karampatzakis, D.;1289
Yeow Meng Chee;1290
Colbourn, C.J.;1291
Ling, A.C.H.;1292
Gang Wang;1293
Wenrui Gong;1294
Petranovic, D.;1295
Ganai, M.K.;1296
Minsik Cho;1297
Yonghong Yang;1298
Changyun Zhu;1299
Zhenyu Gu;1300
Li Shang;1301
Lee, L.;1302
Wang, Li.-C.;1303
Murgan, T.;1304
Momeni, M.;1305
Garcia Ortiz, A.;1306
Glesner, M.;1307
Bokor, J.;1308
Min Pan;1309
Jangkrajarng, N.;1310
Lihong Zhang;1311
Kohagen, N.;1312
Shi, C.-J.R.;1313
Crocker, M.;1314
Lieberman, M.;1315
Tom, M.;1316
Leong, D.;1317
Lemieux, G.;1318
Bo Hu;1319
Xin Yuan;1320
Kuang-Yao Lee;1321
Kai-Yuan Chao;1322
Hung, W.-L.;1323
Xiaoxia Wu;1324
Ampalam, M.;1325
Singh, M.;1326
Muller, D.;1327
Mueller, W.;1328
Rosti, A.;1329
Bocchio, S.;1330
Riccobene, E.;1331
Scandurra, P.;1332
Dehaene, W.;1333
Vanderperren, Y.;1334
Little, S.;1335
Seegmiller, N.;1336
Walter, D.;1337
Myers, C.;1338
Yoneda, T.;1339
Dhiman, G.;1340
Rosing, T.S.;1341
Rao, R.R.;1342
Mondal, S.;1343
Isaksen, B.;1344
Maynard, D.N.;1345
Stitt, G.;1346
Najjar, W.;1347
Sinha, D.;1348
Khalil, D.E.;1349
Yan, T.;1350
Murata, H.;1351
Ting Mei;1352
Jabir, A.M.;1353
Pradhan, D.K.;1354
Mathew, J.;1355
Frank, D.J.;1356
Toma, Dorel;1357
Een, N.;1358
Bulovi, V.;1359
Kymissis, I.;1360
Nausieda, I.;1361
Ryu, K.;1362
Wang, A.;1363
Akinwande, A.I.;1364
Sodini, C.G.;1365
Stevens, K.S.;1366
Ramalingam, A.;1367
Carmona, J.;1368
Takada, Y.;1369
Peper, F.;1370
Ozev, S.;1371
Redmond, K.B.;1372
Ahmed, N.;1373
Tehranipoor, M.;1374
Jayaram, V.;1375
Jung Hwan Choi;1376
Meterelliyoz, M.;1377
Murthy, Jayathi;1378
Rakhmatov, D.;1379
Jayakumar, N.;1380
Gulati, K.;1381
Sprintson, A.;1382
Chen, Kangsheng;1383
Ward, D.;1384
Yu-Min Kuo;1385
Yue-Lung Chang;1386
Ozturk, O.;1387
Chen, Gu.;1388
Karakoy, M.;1389
De Bernardinis, F.;1390
Nuzzo, P.;1391
Vincentelli, A.S.;1392
Feng Shi;1393
Makris, Y.;1394
Huan Ren;1395
Yuan, F.;1396
Suthar, V.;1397
Jie Deng;1398
Arash;1399
Hazeghi;1400
Krishnamohan, Tejas;1401
Wan, G.C.;1402
Varada, R.;1403
Sriram, M.;1404
Chou, K.;1405
Guzzo, J.;1406
Min Ni;1407
Meloni, P.;1408
Carta, Salvatore;1409
Raffo, L.;1410
Asadi, H.;1411
Singhal, R.;1412
Gwan Choi;1413
Mahapatra, R.;1414
Fazzi, A.;1415
Magagni, L.;1416
De Dominicis, M.;1417
Zoffoli, P.;1418
Canegallo, R.;1419
Rolandi, P.L.;1420
Guerrieri, R.;1421
Smart, D.;1422
Madigan, C.;1423
Bulovic, V.;1424
Ho, J.;1425
Xiaoyao Liang;1426
Brooks, D.;1427
Kiehl, Richard A.;1428
Gill, G.;1429
Hansen, J.;1430
Najibi, M.;1431
Salehi, M.;1432
Kusha, A.A.;1433
Fakhraie, S.M.;1434
Pedram, H.;1435
Chopra, K.;1436
Bo Zhai;1437
Bin Zhang;1438
Arapostathis, A.;1439
Ching, R.L.S.;1440
Leung, K.C.K.;1441
Chen, N.;1442
Rachlin, E.;1443
Savage, J.E.;1444
Jariwala, D.;1445
Lillis, J.;1446
Yiu-Cheong Tam;1447
Yao, H.;1448
Hong, X.;1449
Cai, Y.;1450
Hong Li;1451
Witvrouw, A.;1452
Shi, S.X.;1453
Peng Yu;1454
Xin Jia;1455
Cline, B.;1456
Mani, M.;1457
Toi, T.;1458
Nakamura, N.;1459
Kato, Y.;1460
Awashima, T.;1461
Wakabayashi, K.;1462
Li Jing;1463
Ghosh, S.;1464
Taylor, B.;1465
YuTsun Chien;1466
2015/06/23 15:05:25;1467
Xiong, J.;1468
Abbaspour, S.;1469
Hathaway, D.J.;1470
Wang, R.;1471
Panda, R.;1472
Yang Yi;1473
Sarin, V.;1474
Mogal, H.D.;1475
Haifeng Qian;1476
Vytyaz, I.;1477
Lee, D.C.;1478
Hanumolu, P.K.;1479
Un-Ku Moon;1480
Mayaram, K.;1481
Pakbaznia, E.;1482
Fallah, F.;1483
Yong Zhan;1484
Tianpei Zhang;1485
Jingyu Xu;1486
Chiang, C.C.;1487
Ruiming Chen;1488
Chen Dong;1489
Tanachutiwat, S.;1490
Wang, Wei;1491
Huebbers, F.;1492
Dasdan, A.;1493
Sekar, D.C.;1494
Naeemi, A.;1495
Sarvari, R.;1496
Davis, J.A.;1497
Meindl, J.D.;1498
Lei Cheng;1499
Govig, J.;1500
Yan Lin;1501
Kuo-Hua Wang;1502
Chung-Ming Chan;1503
I-Jye Lin;1504
Pingqiang Zhou;1505
Yuchun Ma;1506
Zhouyuan Li;1507
Xianlong Hong;1508
Shih, V.;1509
Ben Jamaa, M.H.;1510
Moselund, K.E.;1511
Bouvet, D.;1512
Ionescu, A.M.;1513
Weerasekera, R.;1514
Li-Rong Zheng;1515
Pamunuwa, D.;1516
Tenhunen, H.;1517
Huang-Yu Chen;1518
Sheng-Lung Wang;1519
Ferri, C.;1520
Reda, S.;1521
Bahar, R.I.;1522
Wenping Wang;1523
Zile Wei;1524
Shengqi Yang;1525
Karakonstantis, G.;1526
Banerjee, N.;1527
Chakrabarti, C.;1528
Sushu Zhang;1529
Feng Wang;1530
Nicopoulos, C.;1531
Sungmin Cho;1532
Biswas, S.;1533
Chong, F.T.;1534
Metodi, T.S.;1535
Gandikota, R.;1536
Becer, M.;1537
Joao Geada;1538
Kundu, S.;1539
Lerner, S.;1540
Mutyam, M.;1541
Kitchen, N.;1542
Kin Cheong Sou;1543
Megretski, A.;1544
Byungsub Kim;1545
Stojanovic, V.;1546
Kroening, D.;1547
Seshia, S.A.;1548
Yablonovitch, E.;1549
Khandelwal, V.;1550
Srivastava, A.;1551
Ghiasi, S.;1552
Viamontes, G.F.;1553
Mangassarian, H.;1554
Safarpour, S.;1555
Benedetti, M.;1556
Smith, D.;1557
Grosse, D.;1558
Kai-Hui Chang;1559
Joshi, V.;1560
Taemin Kim;1561
Xun Liu;1562
Po-Yuan Chen;1563
Kuan-Hsien Ho;1564
Bond, B.N.;1565
Bufistov, D.;1566
Sapatnekar, S.;1567
Jia Wang;1568
Das, D.;1569
Morishima, S.;1570
Yamamoto, M.;1571
Fukunaga, M.;1572
Seongmoon Wang;1573
Wen-Long Wei;1574
Gopalakrishnan, S.;1575
Meredith, M.B.;1576
Enescu, F.;1577
Jiang, J.R.;1578
Nakhla, N.;1579
Nakhla, M.;1580
Achar, R.;1581
Gan, H.;1582
Dan Jiao;1583
Abdollahi, A.;1584
Kunhyuk Kang;1585
Sang Phill Park;1586
Alam, M.A.;1587
Hao Fang;1588
Chenguang Tong;1589
Bo Yao;1590
Xiaodi Song;1591
Xu Cheng;1592
Das, S.;1593
Trimberger, S.;1594
Chih-Chun Lee;1595
Yi Wang;1596
Dan Zhao;1597
Turgay, K.;1598
Chia-Yi Lin;1599
Chao Wang;1600
Hyondeuk Kim;1601
Nopper, T.;1602
Ping-Hung Yuh;1603
Ferzli, I.A.;1604
Kruse, L.;1605
Todri, A.;1606
Fan Mo;1607
Santambrogio, M.D.;1608
Rana, V.;1609
Acar, U.A.;1610
Mitev, A.;1611
Ganesan, D.;1612
Shanmugasundaram, D.;1613
Villarrubia, P.G.;1614
Chunchen Liu;1615
Krishnamurthy, S.;1616
Mahmoodi, H.;1617
Kai Sun;1618
Sorensen, D.C.;1619
McGee, P.B.;1620
Nowick, S.M.;1621
Jantsch, A.;1622
Ning Mi;1623
Pu Liu;1624
Jian Cui;1625
Jieyi Long;1626
Ku, Ja Chun;1627
McAndrew, Colin;1628
Qiang Ma;1629
Saeedi, M.;1630
Sedighi, M.;1631
Zamani, M.S.;1632
Jaeha Kim;1633
Jones, K.D.;1634
Horowitz, M.A.;1635
Lu, K.;1636
Kun Yuan;1637
Jongyoon Jung;1638
Ya-Ting Chang;1639
Marek-Sadovvska, M.;1640
Chen, G.K.;1641
Mudge, T.;1642
Nam Sung Kim;1643
Gray, M.S.;1644
Kashyap, C.;1645
Menezes, N.;1646
Chiprout, E.;1647
Pathak, M.;1648
Cheng-Hong Li;1649
Carloni, L.P.;1650
Da-Cheng Juan;1651
Shih-Lun Huang;1652
Kai-Chi Hsu;1653
Meng-Xiang Li;1654
Yung-Ta Li;1655
Zhaojun Bai;1656
Yangfeng Su;1657
Chun-Ta Chu;1658
Xinyi Zhang;1659
Tom Tong Jing;1660
Karuri, K.;1661
Chattopadhyay, A.;1662
Hohenauer, M.;1663
Huafeng Zhang;1664
Marefat, M.;1665
Dongsheng Ma;1666
Chavet, C.;1667
Andriamisaina, C.;1668
Coussy, P.;1669
Casseau, E.;1670
Juin, E.;1671
Urard, P.;1672
Martin, E.;1673
Yuhong Fu;1674
Reschke, B.;1675
Sundareswaran, S.;1676
Iwagaki, T.;1677
Ohtake, S.;1678
Kaneko, M.;1679
Fujiwara, H.;1680
Werber, J.;1681
Rautenbach, D.;1682
Szegedy, C.;1683
Pun, K.P.;1684
Jintae Kim;1685
Jhaveri, R.;1686
Woo, Jason;1687
Yang, C.-K.K.;1688
Dam Sunwoo;1689
Joonsoo Kim;1690
Reinhart, W.H.;1691
Johnson, D.E.;1692
Zheng Xu;1693
Jaehyun Kim;1694
Popovich, M.;1695
Friedman, E.G.;1696
Secareanu, R.M.;1697
Hartin, O.L.;1698
Yen-Pin Chen;1699
Jia-Wei Fang;1700
Guo Yu;1701
Devanathan, V.R.;1702
Parekhji, R.;1703
Iyengar, V.;1704
Venkatesan, S.;1705
Lackey, D.;1706
Habitz, P.;1707
Xiaojun Guo;1708
Guangyu Yao;1709
Xiaoli Xu;1710
Wenjiang Liu;1711
Tao Liu;1712
2015/06/23 15:03:45;1713
Chmelar, E.;1714
Patel, K.;1715
Chen Li;1716
Madden, P.H.;1717
Janapsatya, A.;1718
Ignjatovic&#x0301;1719
, A.;1720
Tsung-Hao Chen;1721
Jeng-Liang Tsai;1722
Charlie C-P Chen;1723
Koenemann, B.;1724
Young-Il Kim;1725
Wai Sum Mong;1726
Yamaguchi, J.;1727
Onodera, Hidetoshi;1728
Bernstein, A.;1729
Burton, M.;1730
Ghenassia, F.;1731
Huang, R.;1732
De, V.;1733
Zafalon, R.;1734
Li-C Wang;1735
Freund, R.W.;1736
Fei Su;1737
Tokiharu Miyoshi;1738
Laung-Terng Wang;1739
Saluja, K.K.;1740
Kinoshita, K.;1741
Chandra, V.;1742
Schmit, H.;1743
Xu, A.;1744
Jingcao Hu;1745
Boyd, S.;1746
Worm, F.;1747
Thiran, P.;1748
Pfeiffer, A.J.;1749
Mukherjee, T.;1750
Hauan, Steinar;1751
Fang Liu;1752
Brooke, M.;1753
Rickert, P.;1754
Anderson, J.H.;1755
Keller, I.;1756
Tseng, K.;1757
Verghese, Nishath;1758
Cheung, N.;1759
Zuchowski, P.S.;1760
Habitz, P.A.;1761
Hayes, J.D.;1762
Oppold, J.H.;1763
Omedes, O.;1764
Robert, M.;1765
Ramdani, M.;1766
Clarke, E.;1767
Maruyama, D.;1768
Kanuma, A.;1769
Mochiyama, T.;1770
Komatsu, H.;1771
Sugiyama, Y.;1772
Ito, N.;1773
Restle, P.;1774
Shepard, K.;1775
Jian Wang;1776
Andrei, A.;1777
Schmitz, M.;1778
Eles, P.;1779
Zebo Peng;1780
Al Hashimi, B.M.;1781
Jinfeng Liu;1782
Chou, P.H.;1783
Hurst, Aaron P.;1784
Chong, P.;1785
Wenjing Rao;1786
Su, G.;1787
Khasidashvili, Z.;1788
Skaba, Marcelo;1789
Kaiss, D.;1790
Hanna, Z.;1791
Ming Zhang;1792
Karandikar, S.K.;1793
Ismail, Y.I.;1794
Amin, C.S.;1795
Chunsheng Liu;1796
Lin Zhong;1797
Wolfe, G.;1798
Cohn, J.;1799
Kawa, J.;1800
Rao, R.;1801
Kangmin Lee;1802
Se-Joong Lee;1803
Hoi-Jun Yoo;1804
Li, Gang;1805
Aluru, N.R.;1806
De Bernarclinis, F.;1807
Gambini, S.;1808
Vincis, R.;1809
Svelto, F.;1810
Castello, R.;1811
Davoodi, A.;1812
Kapoor, A.;1813
Durairaj, V.;1814
Feldmann, P.;1815
Hosangadi, A.;1816
Wang, J.;1817
Samaan, S.B.;1818
Ma, J.D.;1819
Dong Hyun Baik;1820
Chen, C.C.-P.;1821
Zhijian Lu;1822
Wei Huang;1823
Stan, M.;1824
Skadron, K.;1825
Jaeseo Lee;1826
Vandenberghe, L.;1827
Lavin, M.;1828
Northrop, G.;1829
Gupta, S.;1830
Krogh, B.H.;1831
Cheng-Tao Hsieh;1832
Jian-Cheng Lin;1833
Yajun Ran;1834
Zhu, D.;1835
Melhem, R.;1836
Mosse&#x0301;1837
, D.;1838
Basu, P.;1839
Dasgupta, P.;1840
Chakrabarti, P.P.;1841
Mohan, C.R.;1842
Armoni, R.;1843
Heald, R.;1844
Wang, P.;1845
Osler, P.J.;1846
Bjesse, P.;1847
Boralv, A.;1848
Evmorfopoulos, N.E.;1849
Karampatzakis, D.P.;1850
Stamoulis, G.I.;1851
Ahmand, S.;1852
Arslan, B.;1853
Rajamani, S.K.;1854
Fei Li;1855
Teslenko, M.;1856
Dubrova, E.;1857
Yang Xu;1858
Stehr, G.;1859
Choudhuri, S.;1860
Fahim Ali, M.;1861
Smith, A.;1862
Abadir, M.;1863
Byungtae Kang;1864
Irwin, M.J.;1865
Kong, S.;1866
McDermott, M.;1867
Nikolic, B.;1868
Pister, K.;1869
Alam, S.M.;1870
Seth, V.;1871
Chao Huang;1872
Srinivasan, S.;1873
Xie, Y.;1874
Kihwan Choi;1875
Wonbok Lee;1876
Soma, R.;1877
Puschel, M.;1878
Zelinski, A.C.;1879
Hoe, J.C.;1880
Jiayong Le;1881
Kasnavi, A.;1882
Wang, J.W.;1883
Shahram, M.;1884
Zejda, J.;1885
Vorwerk, K.;1886
Kennings, A.;1887
Vannelli, A.;1888
Liang Zhang;1889
Prasad, M.R.;1890
Ju Hwa Pan;1891
Weng-Fai Wong;1892
Chen, G.;1893
Kolcu, I.;1894
Soloviev, R.;1895
Becer, M.R.;1896
Oh, C.;1897
Xiaochun Duan;1898
Qinke Wang;1899
Fung, R.;1900
Betz, Vaughn;1901
Chow, W.;1902
Bin Wu;1903
Nacul, A.C.;1904
Adya, S.N.;1905
Chaturvedi, S.;1906
Papa, D.A.;1907
Arvind;1908
Nikhil, R.S.;1909
Rosenband, D.L.;1910
Dave, N.;1911
Feng Gao;1912
Asheghi, Mehdi;1913
Chandra, R.;1914
Jie Wei;1915
Agiwal, A.;1916
Jaewon Seo;1917
Dutt, N.D.;1918
Shih Ping Lin;1919
Chung Len Lee;1920
Chen, J.E.;1921
Honsinger, P.S.;1922
2015/06/23 15:08:52;1923
Lingyi Liu;1924
Xuanyu Zhong;1925
Xiaotao Chen;1926
Vasudevan, S.;1927
Hao Wang;1928
Sinkar, A.A.;1929
Ilgweon Kang;1930
Nath, S.;1931
Reddy, L.;1932
Trevillyan, L.;1933
Boos, A.;1934
Ramini, L.;1935
Bertozzi, D.;1936
Ebrahimi, M.;1937
Oboril, F.;1938
Kiamehr, S.;1939
Wen-Pin Tu;1940
Chung-Han Chou;1941
Chien-Yung Chou;1942
Bei Yu;1943
Yen-Hung Lin;1944
Luk-Pat, G.;1945
Duo Ding;1946
Lucas, K.;1947
Berke Yelten, M.;1948
Natarajan, S.;1949
Bin Xue;1950
Goteti, P.;1951
Jiwoo Pak;1952
Blair, H.T.;1953
Di Wu;1954
Dhanwada, N.;1955
Hathaway, D.;1956
Zyuban, V.;1957
Peng Peng;1958
Moody, K.;1959
Dungan, W.;1960
Joseph, A.;1961
Gonzalez, C.;1962
Hao Chen;1963
Hankendi, C.;1964
Caramanis, M.C.;1965
Coskun, A.K.;1966
Wang, F.;1967
Xue, C.;1968
Nag, P.K.;1969
Xue, Y.;1970
Li, X.;1971
Younghyun Kim;1972
Petricca, M.;1973
Sangyoung Park;1974
Pontino, M.;1975
Xiaoqing Xu;1976
Jhih-Rong Gao;1977
Madhour, Y.;1978
Brunschwiler, T.;1979
Thome, J.;1980
Seokhyeong Kang;1981
Hyein Lee;1982
Thapar, P.;1983
Ogras, U.Y.;1984
Ayoub, R.Z.;1985
Kadjo, D.;1986
Katebi, H.;1987
Qiuwen Chen;1988
Xiuyuan Bi;1989
Mengjie Mao;1990
Danghui Wang;1991
Marella, S.K.;1992
Fawaz, M.;1993
Fournel, N.;1994
Michel, L.;1995
Petrot, F.;1996
Liang Chen;1997
Tarango, J.;1998
Parashar, K.N.;1999
Menard, D.;2000
Xuanxing Xiong;2001
Rostami, M.;2002
Yongtae Kim;2003
Oshima, K.;2004
Matsumoto, T.;2005
Hwei-Tseng Wang;2006
Feng Lu;2007
Yang Wan;2008
Scheuermann, M.;2009
Youngtaek Kim;2010
John, L.K.;2011
Paul, I.;2012
Manne, S.;2013
Schulte, M.;2014
Moongon Jung;2015
Ching-Yu Chin;2016
Po-Cheng Pan;2017
Jou-Chun Lin;2018
Gunther, G.E.;2019
Pasnik, K.A.;2020
Jones, A.K.;2021
Chen, Y.;2022
Collinge, W.O.;2023
Xu, H.;2024
Schaefer, L.A.;2025
Landis, A.E.;2026
Bilec, M.M.;2027
Hongzhou Liu;2028
Kangsheng Luo;2029
Ben Gu;2030
Chia-Hung Liu;2031
Hao-Han Chang;2032
Tung-Che Liang;2033
Juinn-Dar Huang;2034
Yan Luo;2035
Yier Jin;2036
Yaojun Zhang;2037
Bayram, I.;2038
Yu Wang;2039
Foster, H.D.;2040
Ziegler, M.M.;2041
Muralimanohar, N.;2042
Taehwan Kim;2043
Do-Gyoon Song;2044
Sangho Youn;2045
Jaejin Park;2046
Hojin Park;2047
Marx, O.;2048
Wedler, M.;2049
Dreyer, A.;2050
Wujie Wen;2051
Xiaochun Zhu;2052
Kang, S.H.;2053
Ward, S.I.;2054
Zhou, N.Y.;2055
Sze, C.C.N.;2056
Ko-Lung Yuan;2057
Chien-Yen Kuo;2058
Meng-Yen Li;2059
Chen-Kuan Tsai;2060
Ching-Yi Huang;2061
Forte, D.;2062
Chongxi Bao;2063
Qing Xie;2064
Jaemin Kim;2065
Chun-Nan Chou;2066
Chen-Kai Chu;2067
Huang, C.-Y.R.;2068
Phung, C.;2069
Erman, B.;2070
Agarwal, A.;2071
Bingjun Xiao;2072
Ye Zhang;2073
Wai-Shing Luk;2074
Changhao Yan;2075
Yarui Peng;2076
Taigon Song;2077
Yu-Ming Chang;2078
Hsiang-Pang Li;2079
Yung-Chun Li;2080
Lin, S.-S.;2081
Kao, C.-L.;2082
Huang, J.-L.;2083
Lee, C.-C.;2084
Huang, X.-L.;2085
Khan, M.U.K.;2086
Rong Ye;2087
Elfadel, I.A.M.;2088
Kintali, K.;2089
Prakash, S.;2090
van Beek, S.;2091
Jo, S.;2092
Ono, S.;2093
Beletsky, P.;2094
Chunkuen Ho;2095
Bershteyn, M.;2096
Salitrennik, V.;2097
Birguer, A.;2098
Sterling, T.;2099
Scheffer, L.K.;2100
Thong, J.;2101
Nicolici, N.;2102
Jahn, J.;2103
Pagani, S.;2104
Xiaolong Xie;2105
Yun Liang;2106
Guangyu Sun;2107
Chatterjee, D.;2108
Mammo, B.;2109
Doowon Lee;2110
Gal, R.;2111
Morad, R.;2112
Nahir, A.;2113
Ziv, A.;2114
Shin-Yann Ho;2115
Shuo-Ren Lin;2116
Chang, D.W.;2117
Young Hoon Son;2118
Jung Ho Ahn;2119
Hoyoung Kim;2120
Minwook Ahn;2121
Schulte, M.J.;2122
Fa Wang;2123
White, D.;2124
Jaleel, A.;2125
Narvaez, P.;2126
Burns, S.;2127
Srinivasa, G.;2128
Shinnerl, J.R.;2129
Bustany, I.;2130
Nedelchev, I.;2131
Sankaranarayanan, S.;2132
Xin Chen;2133
Abraham, E.;2134
Cheng-Ju Pan;2135
Hsiao-Chun Huang;2136
Iizuka, S.;2137
Mizuno, M.;2138
Kuroda, D.;2139
Daifeng Guo;2140
He Yi;2141
Lengfei Han;2142
Xue-Xin Liu;2143
Hai Wang;2144
Zao Liu;2145
Swarup, S.;2146
Heechun Park;2147
Bilal, R.M.;2148
Hafiz, R.;2149
Shoaib, S.;2150
Munawar, A.;2151
Zhiliang Qian;2152
Chi-Ying Tsui;2153
Hua Jiang;2154
Parhi, K.K.;2155
Ting Wang;2156
Tuo Li;2157
Rehman, S.;2158
Ambrose, J.A.;2159
Sharad, M.;2160
Deliang Fan;2161
Yogendra, K.;2162
Ismail, M.;2163
Hasan, O.;2164
Saraf, N.;2165
Crossley, J.;2166
Puggelli, A.;2167
Le, H.-P.;2168
Yang, B.;2169
Nancollas, R.;2170
Jung, K.;2171
Kong, L.;2172
Narevsky, N.;2173
Lu, Y.;2174
Sutardja, N.;2175
An, E.J.;2176
Alon, E.;2177
Chih-Cheng Hsu;2178
Yu-Chuan Chen;2179
Yu Liu;2180
Rose, G.S.;2181
McDonald, N.;2182
Lok-Kwong Yan;2183
Wysocki, B.;2184
2015/06/23 15:08:27;2185
Chen-Hsuan Lin;2186
Deyati, S.;2187
Devarakond, S.;2188
Lee, J.;2189
De-An Huang;2190
Ruei-Yang Huang;2191
Chi-Yun Cheng;2192
Abdel-Khalek, R.;2193
Peng Kang;2194
Yinghai Lu;2195
Sahu, T.;2196
Kulkarni, P.;2197
Jianchao Lu;2198
Xiaomi Mao;2199
Jose, J.;2200
Mahathi, K.V.;2201
Shankar, J.S.;2202
Yu-Guang Chen;2203
Kuan-Yu Lai;2204
Geng Hui;2205
Ting Yu;2206
Quan Chen;2207
Schoenmaker, W.;2208
Shih-Hung Weng;2209
Guan-Hua Chen;2210
Li-Jun Jiang;2211
Lampaert, K.;2212
Tabkhi, H.;2213
Sheng Wei;2214
Kai Li;2215
Ting-Wei Chiang;2216
Xiaodao Chen;2217
Lin Liu;2218
Wei Ding;2219
Kupp, N.;2220
Ke Huang;2221
Carulli, J.M.;2222
Chien-Chih Yu;2223
Alaghi, A.;2224
Di Zhu;2225
Jianlei Yang;2226
Yilin Zhang;2227
Chakraborty, A.;2228
Chowdhury, S.;2229
Jianxin Fang;2230
Ferraiuolo, A.;2231
Xuehui Zhang;2232
Chien-Ping Lu;2233
Ko, B.;2234
Aksoy, L.;2235
Costa, E.;2236
Flores, P.;2237
Monteiro, J.;2238
Guthaus, M.R.;2239
Zhenyu Sun;2240
Wenqing Wu;2241
Daloukas, K.;2242
Drasidis, G.;2243
Tsiampas, M.;2244
Tsompanopoulou, P.;2245
Jin Hu;2246
SeokHyeong Kang;2247
Knechtel, J.;2248
Lienig, J.;2249
Thiele, M.;2250
Li, Zhuo;2251
Li, Yih-Lang;2252
Minje Jun;2253
Myoung-Jin Kim;2254
Sauer, M.;2255
Czutro, A.;2256
Polian, I.;2257
Hsin Chen;2258
Chih-Chen Lu;2259
Yi-Da Wu;2260
Tang-Jung Chiu;2261
Sumikawa, N.;2262
Xiushan Feng;2263
Abadir, M.S.;2264
Steinhorst, S.;2265
Hedrich, L.;2266
Wangyang Zhang;2267
Wei Hu;2268
Oberg, J.;2269
Dejun Mu;2270
Peiyuan Wang;2271
Wei Zhang;2272
Gupta, T.;2273
Won Ho Choi;2274
Bongjin Kim;2275
Tao Huang;2276
Boyuan Yan;2277
Joshi, A.;2278
Sundquist, J.;2279
Yunfei Deng;2280
Mangat, P.;2281
Mian Dong;2282
Tian Lan;2283
Barrett, R.F.;2284
Dosanjh, S.S.;2285
Heroux, M.A.;2286
Parker, S.;2287
Shalf, J.;2288
Sijing Han;2289
Sirigiri, V.;2290
Saab, D.G.;2291
Tabib-Azar, M.;2292
Xiang Chen;2293
Mengying Zhao;2294
Xue, C.J.;2295
Patti, R.;2296
Srinivas, V.;2297
Balasubramanian, R.;2298
Po-Hsun Wu;2299
Yang-Ru Chen;2300
Bing-Shiun Chou;2301
Bin-Da Liu;2302
Wenlong Yang;2303
Lingli Wang;2304
DeOrio, A.;2305
Jialin Li;2306
Yongchan Ban;2307
Jae-seok Yang;2308
WoeiTzy Jong;2309
Chengta Hsieh;2310
Desrumaux, P.;2311
Dupret, Y.;2312
Tingleff, J.;2313
Minehane, S.;2314
Redford, M.;2315
Latorre, L.;2316
Noue, P.;2317
Jifeng Chen;2318
Jishen Zhao;2319
Yuxin Wang;2320
Peng Zhang;2321
Guojie Luo;2322
Jianyong Xie;2323
Swaminathan, M.;2324
Hui Geng;2325
Jun Wu;2326
Jianming Liu;2327
Minsu Choi;2328
Bo-Han Wu;2329
Ramprasath, S.;2330
Vasudevan, V.;2331
Torres, J.A.;2332
Wilke, G.;2333
Aydiner, A.;2334
Chakravarty, S.;2335
Wei-Kai Shih;2336
Leyi Yin;2337
Yue Deng;2338
Lu Zhang;2339
Ruining He;2340
Kang Zhao;2341
Jinian Bian;2342
Goel, S.K.;2343
Miskov-Zivanov, N.;2344
Faeder, J.R.;2345
Sauro, H.M.;2346
Cheng-Wu Lin;2347
Chung-Lin Lee;2348
Soon-Jyh Chang;2349
Kulkarni, N.;2350
Nukala, N.;2351
Yuxi Liu;2352
Shiting Lu;2353
Yi-Kan Cheng;2354
Liu, J.;2355
Wei-Yi Hu;2356
Sze, C.;2357
Yaoguang Wei;2358
Chew, W.C.;2359
Jin-Fa Lee;2360
Yang Shao;2361
Zhen Peng;2362
Carmean, D.;2363
Held, J.;2364
He Wen;2365
Kish, L.B.;2366
Tuck-Boon Chan;2367
Honghuang Lin;2368
Kim, K.;2369
Cangellaris, A.C.;2370
Yi-Jung Chen;2371
Chi-Lin Yang;2372
Sheng-Han Yeh;2373
Jia-Wen Chang;2374
Dubois, F.;2375
Catalano, V.;2376
Coppola, M.;2377
Morrow, P.;2378
2015/06/23 15:06:46;2379
Chih-Fan Lai;2380
Choudhury, M.;2381
Vincenzi, A.;2382
Ruggiero, M.;2383
Brunschwiler, Thomas;2384
Yu-Chien Kao;2385
Hsuan-Ming Chou;2386
Kun-Ting Tsai;2387
Karkala, V.;2388
Wanstrath, J.;2389
Lacour, T.;2390
Jin Sun;2391
Rui Zheng;2392
Velamala, J.;2393
Shankar, K.;2394
Roveda, J.;2395
Lorenz, D.;2396
Barke, M.;2397
Yibo Chen;2398
Lok, M.;2399
Ragab, K.;2400
Yao-Tsung Chang;2401
Yu-Wen Tsai;2402
Sheng-Fong Chen;2403
Chun-Ju Yang;2404
Pant, A.;2405
Lerong Cheng;2406
Schirrmeister, F.;2407
Taussig, D.;2408
Po-Hsien Chang;2409
Drmanac, D.;2410
Kharam, A.P.;2411
Lin Huang;2412
Parashar, K.;2413
Rocher, R.;2414
Huiping Huang;2415
Minki Cho;2416
Chang Liu;2417
Backes, J.D.;2418
Chang-Hong Hsu;2419
Yueh-Tung Chao;2420
Ye-Jyun Lin;2421
Tay-Jyi Lin;2422
Jiao-Wei Huang;2423
Bowman, K.A.;2424
Tschanz, J.W.;2425
Rammou, M.;2426
Moondanos, J.;2427
Villena, J.F.;2428
Kaiser, S.;2429
Materic, I.;2430
Saade, R.;2431
Chen-Wei Lin;2432
Henzler, S.;2433
Maillet-Contoz, L.;2434
Stratigopoulos, H.-G.;2435
Mir, S.;2436
Yifang Liu;2437
Yu Yang;2438
Sonntag, S.;2439
Gilabert, F.;2440
Veetil, V.;2441
Xiaobin Wang;2442
Le Yu;2443
Haigang Yang;2444
Jing, T.T.;2445
Min Xu;2446
Geer, R.;2447
Bill Lin;2448
Ramanujam, R.S.;2449
Roy, J.;2450
Katayama, K.;2451
Hagiwara, S.;2452
Tsutsui, H.;2453
Ochi, H.;2454
Guoyong Shi;2455
Aydonat, M.;2456
Haedicke, F.;2457
Fey, G.;2458
Jose, M.;2459
Jun Zeng;2460
Yu Pu;2461
Xin Zhang;2462
Huang, J.;2463
Muramatsu, A.;2464
Nomura, M.;2465
Hirairi, K.;2466
Takata, H.;2467
Sakurabayashi, T.;2468
Miyano, S.;2469
Takamiya, M.;2470
Sakurai, T.;2471
Herbert, S.X.;2472
Leem, L.;2473
Hyungmin Cho;2474
Hsiao-Heng Lee;2475
Young Moon Kim;2476
Linfu Xiao;2477
Yan Jiang;2478
Lucas, G.;2479
Progler, C.;2480
McDonald, S.;2481
Sarbishei, O.;2482
Radecka, K.;2483
Galceran-Oms, M.;2484
Taghavi, T.;2485
Huber, A.;2486
Ramji, S.;2487
Xi Chen;2488
Chi Xu;2489
Weihong Li;2490
Yun Ye;2491
Rutenbar, R.;2492
Murmann, B.;2493
Wei Xiong;2494
Xiaoyong He;2495
Ishida, K.;2496
Sekitani, T.;2497
Someya, T.;2498
Park, J.F.;2499
Junjun Gu;2500
Jiarong Tong;2501
Shao-Yun Fang;2502
Maricau, E.;2503
De Wit, P.;2504
Zefu Dai;2505
Jarvin, M.;2506
Shih-Yuan Yeh;2507
Kooti, H.;2508
Zhen Chen;2509
Dong Xiang;2510
Gattiker, A.;2511
Agarwal, K.B.;2512
Yuanzhe Wang;2513
Pang, G.K.H.;2514
Bo Yang;2515
Qing Dong;2516
Jing Li;2517
Eckmu&#x0308;2518
ller, J.;2519
Wu, M.-F.;2520
Kun-Han Tsai;2521
Wu-Tung Cheng;2522
Pan, H.-C.;2523
Jiun-Lang Huang;2524
Kifli, A.;2525
Pellegrini, A.;2526
Genoe, J.;2527
Myny, K.;2528
Steudel, S.;2529
Heremans, Paul;2530
Moon, T.;2531
Avci, M.;2532
Weijia Che;2533
Szu-Pang Mu;2534
Yi-Ming Wang;2535
Hao-Yu Yang;2536
Shi-Hao Chen;2537
Tsung-Ying Tsai;2538
Chen, Szu-Yu;2539
Shojaei, H.;2540
Gla&#x00DF;2541
, M.;2542
Lukasiewycz, M.;2543
Reimann, F.;2544
Haubelt, C.;2545
Perathoner, S.;2546
Lampka, K.;2547
Stoimenov, N.;2548
Rollini, S.;2549
Tsitovich, A.;2550
Xin-Wei Shih;2551
Hsu-Chieh Lee;2552
Danbee Park;2553
Jungseob Lee;2554
Iqbal, N.;2555
Javaid, H.;2556
Ignjatovic, A.;2557
Ju-Yueh Lee;2558
Jin Ouyang;2559
Jing Xie;2560
Poremba, M.;2561
Klauk, H.;2562
Zschieschang, U.;2563
2015/06/23 15:00:28;2564
Brand, D.;2565
Bergamaschi, R.A.;2566
Hellebrand, S.;2567
Reeb, B.;2568
Tarnick, S.;2569
Singh, K.J.;2570
Subrahmanyam, P.A.;2571
Devarayanadurg, G.;2572
Li, J.;2573
Cheng, C.-K.;2574
Passos, N.L.;2575
Hsing-Mean Sha, E.;2576
Ganguly, S.;2577
Hojat, S.;2578
Farrahi, A.H.;2579
Chess, B.;2580
Lavo, D.B.;2581
Ferguson, F.J.;2582
Larrabee, T.;2583
Berkelaar, M.;2584
Huey-Yih Wang;2585
Shenshung Chiang;2586
Shyh-Jye Jou;2587
Pan, C.-Y.;2588
Cheng, K.-T.;2589
Fujiyoshi, K.;2590
Dasgupta, P.S.;2591
Sur-Kolay, S.;2592
Haifang Liao;2593
Wei-Ming Dai, W.;2594
Henftling, M.;2595
Wittmann, H.C.;2596
Antreich, K.J.;2597
Uchino, T.;2598
Minami, F.;2599
Mitsuhashi, T.;2600
Goto, N.;2601
Koh, C.-K.;2602
Albert Tsao, C.-W.;2603
Baldick, R.;2604
Tellez, G.E.;2605
Farrahi, A.;2606
Woods, S.;2607
Casinovi, G.;2608
Papachristou, C.A.;2609
Chatterjee, M.;2610
Aagaard, M.D.;2611
Seger, C.-J.H.;2612
Thomas, D.E.;2613
Iman, S.;2614
Cheng, D.I.;2615
Chih-chang Lin;2616
Grodstein, J.;2617
Lehman, E.;2618
Harkness, H.;2619
Watanabe, Y.;2620
Verghese, N.K.;2621
Allstot, D.J.;2622
Liu, L.-T.;2623
Kuo, M.-T.;2624
Huang, S.-C.;2625
Barke, E.;2626
Sudarsanam, A.;2627
Zhao, X.;2628
Vaishnav, H.;2629
Yun, K.Y.;2630
Yeh, P.-C.;2631
Peralias, E.J.;2632
Rueda, A.;2633
Huertas, J.L.;2634
Gangaram, V.;2635
Smedes, T.;2636
Van Der Meijs, N.P.;2637
van Genderen, A.J.;2638
Sanchez, F.;2639
Kim, J.;2640
Kang, S.M.;2641
Stroele, A.P.;2642
Li, Y.T.-S.;2643
Wolfe, A.;2644
Tianxiong Xue;2645
Kuznar, R.;2646
Yang, H.H.;2647
Ti-Yen Yen;2648
Yalcin, H.;2649
Panda, S.;2650
Ravi, K.;2651
McGeer, P.C.;2652
McMillan, K.L.;2653
Saldanha, A.;2654
Scaglia, P.;2655
Chin-Chi Teng;2656
Hill, A.M.;2657
Aziz, A.;2658
Kerns, K.J.;2659
Wemple, I.L.;2660
Yang, A.T.;2661
Gong, Y.;2662
Nag, S.K.;2663
Frank, O.;2664
Lengauer, T.;2665
Jones, R.B.;2666
Mukherjee, N.;2667
Rajski, J.;2668
Tyszer, J.;2669
Man-Fai Yu;2670
Kadivar, S.R.;2671
Schmitt-Landsiedel, D.;2672
Klar, H.;2673
Chih-Chang Lin;2674
Lee, M.T.-C.;2675
Kuang-Chien Chen;2676
Lin, T.-T.Y.;2677
Sathyamurthy, H.;2678
Fishburn, J.P.;2679
Krauter, B.;2680
de Jong, G.;2681
Lin, B.;2682
Verdonck, C.;2683
Wuytack, S.;2684
Wing Hang Wong;2685
Jain, R.;2686
Lippens, P.;2687
Van Ginneken, L.P.P.P.;2688
Weitong Chuang;2689
Fuhrer, R.M.;2690
Wen-Zen Shen;2691
Al-Asaad, H.;2692
Dahlgren, P.;2693
Nakhla, M.S.;2694
Zhang, Q.J.;2695
Chou, T.-L.;2696
Crols, J.;2697
Donnay, S.;2698
Koren, I.;2699
Chou, M.;2700
Chen, K.C.;2701
Liao, S.;2702
Tjiang, S.;2703
Sawada, H.;2704
Suyama, T.;2705
Nagoya, A.;2706
Belkhale, K.P.;2707
Suess, A.J.;2708
Shi-Yu Huang;2709
Wei-Jin Dai;2710
Lindermeir, W.M.;2711
Graeb, H.E.;2712
Zhou, D.;2713
Cai, W.;2714
Hamaguchi, K.;2715
Morita, A.;2716
Yajima, S.;2717
Sherlekar, S.D.;2718
Venkatesh, G.;2719
Troyanovsky, B.;2720
So, L.;2721
Dutton, R.W.;2722
Krishna, K.;2723
Director, S.W.;2724
Guangqiu Chen;2725
Maruvada, S.C.;2726
Krishnamoorthy, K.;2727
2015/06/23 15:02:39;2728
Coudert, O.;2729
Gang Huang;2730
Jiangchun Gu;2731
Sheqin Dong;2732
Tao Ye, T.;2733
Yunjian Jiang;2734
Qiushuang Zhang;2735
Harris, I.G.;2736
Kravets, V.N.;2737
Harer, K.;2738
Damiano, R.;2739
Taylor, J.;2740
Jiang Long;2741
Rongtian Zhang;2742
Janes, D.B.;2743
Zhong-Zhen Wu;2744
He-Zhe Yu;2745
Ip, C.N.;2746
Hao Ji;2747
Baolin Yang;2748
Dan Feng;2749
Tsao, C.-W.A.;2750
Harris, I.;2751
Rabaey, J.M.;2752
Suet-Fei Li;2753
Jiong Luo;2754
Maurer, P.M.;2755
Milor, L.;2756
Pinhong Chen;2757
Chenming Hu;2758
Uerpmann, J.;2759
Murgai, R.;2760
Long, D.;2761
Chakrabarti, S.;2762
Otten, R.H.J.M.;2763
Stravers, P.;2764
Su, H.;2765
Gala, K.H.;2766
Kwang-Hyun-Baek;2767
Shanbhag, N.;2768
Inoue, T.;2769
Kumar Das, D.;2770
Sano, C.;2771
Mihara, T.;2772
Maogang wang;2773
Hongbing Fan;2774
Jiping Liu;2775
Yu-Liang Wu;2776
Ke Zhong;2777
Costa, J.C.;2778
Monteiro, J.C.;2779
Tianming Kong;2780
Chi-Feng Wu;2781
Chih-Tsun Huang;2782
Chih-Wea Wang;2783
Kuo-Liang Cheng;2784
Cheng-Wen Wu;2785
Jeongjin Roh;2786
Seshadri, S.;2787
Sami, M.;2788
Silvano, C.;2789
Zaccaria, V.;2790
Zhao, S.;2791
Chien-Chu Kuo;2792
Wu, A.C.-H.;2793
Sung-Woo Hur;2794
Kirkpatrick, D.A.;2795
Kim, S.;2796
Bai, G.;2797
Hajj, I.N.;2798
Jacobson, H.;2799
Gopalakrishman, G.;2800
Francken, K.;2801
Sotiriadis, P.P.;2802
Chandrakasan, A.;2803
Hyeong-Ju Kang;2804
Hansoo Kim;2805
Sitaram, D.;2806
Yu Zheng;2807
Huang, Y.;2808
Rodgers, M.J.;2809
Mantik, S.;2810
Grun, P.;2811
Nicolau, A.;2812
Xuejue Huang;2813
Stroobandt, D.;2814
Pronath, M.;2815
Gloeckel, V.;2816
Sangyun Kim;2817
Chunhong Chen;2818
Zhong, G.;2819
Tae-Woo Lee;2820
Murugesan, N.;2821
Hagness, S.C.;2822
Mehrotra, A.;2823
de Veciana, G.;2824
Lapinskii, V.;2825
Kjeldsberg, P.G.;2826
Strojwas, A.J.;2827
Lahiri, K.;2828
Krstic, A.;2829
Yi-Min Jiang;2830
Ching-Hwa Cheng;2831
Shin-De Li;2832
Jinn-Shyan Wang;2833
Nachtergaele, L.;2834
Tiwari, V.;2835
Ramanathan, D.;2836
Irani, S.;2837
Beattie, M.;2838
Drinic, M.;2839
Xiaodong Yang;2840
Ku, W.H.;2841
Carragher, R.J.;2842
Koch, G.;2843
Genevriere, R.;2844
Henzinger, T.A.;2845
Qadeer, S.;2846
Wei Chen;2847
Cheng-Ta Hsieh;2848
Lauwers, E.;2849
Kulshreshtha, P.;2850
Palermo, R.;2851
Mortazavi, M.;2852
Bamji, C.;2853
Tim Kong;2854
Escovar, R.;2855
2015/06/23 15:03:13;2856
Xinping Zhu;2857
Ronggang Yu;2858
Lin, J.Y.;2859
Long, W.;2860
Kuroda, T.;2861
Martin, S.M.;2862
Flautner, K.;2863
Baidya, B.;2864
Massoud, Y.;2865
Ramani, A.;2866
Bergamaschi, R.;2867
Cohn, John;2868
Lemke, A.;2869
Brodersen, R.W.;2870
Markovic, D.;2871
Junhyung Um;2872
Jae-hoon Kim;2873
Mochocki, B.;2874
Gang Quan;2875
Miguel Silveira, L.;2876
Grinshpon, A.;2877
Levy, R.;2878
Stan, M.R.;2879
Shah, H.;2880
Shiu, P.;2881
Bell, B.;2882
Aldredge, M.;2883
Sopory, N.;2884
Davis, J.;2885
Jong-eun Lee;2886
Batterywala, S.;2887
Shenoy, N.;2888
Nicholls, W.;2889
Hee Hwan Kwak;2890
Kukula, J.H.;2891
Shiple, T.R.;2892
Jun Chen;2893
Ma, J.;2894
Thiagarajan, M.;2895
Coppejans, P.;2896
De Cock, W.;2897
Leroux, P.;2898
Xijiang Lin;2899
Oh, N.;2900
Kapur, R.;2901
Williams, T.W.;2902
Zilic, Z.;2903
Panda, P.R.;2904
Chitturi, L.;2905
Unnikrishnan, P.;2906
Mudgett, D.R.;2907
Pacelli, Andrea;2908
Biere, A.;2909
Jin Yang;2910
Goel, A.;2911
Xiaoding Chen;2912
Li Ding;2913
Mazumder, P.;2914
Vujkovic, M.;2915
Hettiaratchi, S.;2916
Cheung, P.Y.K.;2917
Clarke, T.J.W.;2918
Ramnath, S.;2919
Neuveux, F.;2920
Hirech, M.;2921
Ng, F.;2922
Biagetti, G.;2923
Orcioni, S.;2924
Signoracci, L.;2925
Turchetti, C.;2926
Crippa, P.;2927
Alessandrini, M.;2928
Butts, M.;2929
DeHon, A.;2930
Cotterell, S.;2931
Zhan, R.Y.;2932
Feng, H.G.;2933
Wu, Q.;2934
Guan, X.K.;2935
Wang, A.Z.;2936
Sullivan, A.;2937
Dougherty, W.;2938
Dantu, K.;2939
Wei-Chung Cheng;2940
Shende, V.V.;2941
Prasad, A.K.;2942
Lackey, D.E.;2943
Bednar, T.R.;2944
Stout, D.W.;2945
Gould, S.W.;2946
Cohn, J.M.;2947
Koukab, A.;2948
Declercq, M.;2949
Singh, S.;2950
Mandoiu, I.I.;2951
Kao, J.;2952
Narendra, S.;2953
Horiyama, T.;2954
Nakanishi, M.;2955
Kajihara, H.;2956
Chen, P.;2957
Kukimoto, Y.;2958
Peng Rong;2959
Fei Sun;2960
Novakovsky, S.;2961
Shyman, S.;2962
Passerone, R.;2963
de Alfaro, L.;2964
Yuan, J.;2965
Albin, K.;2966
Lipeng Cao;2967
Weiping Liao;2968
Basile, J.M.;2969
Borkar, S.;2970
Choi, B.-K.;2971
Liebmann, Lars;2972
Vogels, M.;2973
Martens, E.;2974
Muzhou Shao;2975
Gao, Y.;2976
Li-Pen Yuan;2977
Huijing Cao;2978
Manolache, S.;2979
Frain, P.;2980
Hongmei Li;2981
Carballido, J.;2982
Yu, H.H.;2983
Okhmatovski, V.I.;2984
Rosenbaum, E.;2985
McMurchie, L.;2986
Kuo, S.S.;2987
Altman, M.D.;2988
Bardhan, J.P.;2989
Tidor, B.;2990
White, J.K.;2991
Hui Zheng;2992
Chih-Wei Jim Chang;2993
Guoan Zhong;2994
Sinanoglu, O.;2995
Molina, M.C.;2996
Mendias, J.M.;2997
Hermida, R.;2998
Schrik, E.;2999
Dewilde, P.M.;3000
van der Meijs, N.P.;3001
Reynolds, C.B.;3002
Grupp, R.J.;3003
Davis, S.G.;3004
Cremen, B.;3005
Troxel, B.;3006
Tennakoon, H.;3007
Haitian Hu;3008
Blaauw, D.T.;3009
Gala, K.;3010
Ababei, C.;3011
Navaratnasothie, S.;3012
Karypis, G.;3013
Luk, C.;3014
Hyungsuk Kim;3015
Chen, C.C.;3016
Ketkar, M.;3017
Shih-Ping Lin;3018
Qi Jing;3019
Fedder, G.K.;3020
Yaping Zhan;3021
Sharma, M.;3022
Newmark, D.;3023
2015/06/23 15:05:48;3024
Dadgour, H.;3025
Lin Xie;3026
Jun Zhang;3027
Tai-Hsuan Wu;3028
Case, M.;3029
Jang, S.;3030
Boufounos, P.;3031
Shamsi, D.;3032
Tao Luo;3033
Brownell, K.;3034
Gu-Yeon Wei;3035
Ou He;3036
Goto, S.;3037
Guo, Jing;3038
Enami, T.;3039
Khan, O.;3040
Seo, J.;3041
Singhal, S.;3042
Bhansali, P.;3043
Srivastava, S.;3044
Mangalagiri, P.;3045
Sungmin Bae;3046
Krishnan, R.;3047
Karczmarek, M.;3048
Yiming Li;3049
Chih-Hong Hwang;3050
Ta-Ching Yeh;3051
Tien-Yeh Li;3052
Silpa, B.V.N.;3053
Patney, A.;3054
Krishna, T.;3055
Visweswaran, G.S.;3056
Ruiming Li;3057
Shey, A.-J.;3058
Laudes, M.;3059
Yu-Ting Lee;3060
Yemliha, T.;3061
Srikantaiah, S.;3062
Chang, Henry;3063
Walker, William;3064
Maneatis, John G.;3065
Croix, John;3066
Sredojevic, R.;3067
Yesin Ryu;3068
Fu-Ching Yang;3069
Jing-Kun Zhong;3070
Ing-Jer Huang;3071
Jia Li;3072
Xiao Liu;3073
Yubin Zhang;3074
Wooyoung Jang;3075
Tew, N.;3076
Shekhar, N.;3077
Yongho Lee;3078
Deog-Kyoon Jeong;3079
Duo Li;3080
Pacheco, E.H.;3081
Tirumala, M.;3082
Sasao, T.;3083
Lvov, A.;3084
Finkler, U.;3085
Gupta, V.;3086
Rad, R.M.;3087
Xiaoxiao Wang;3088
Gourary, M.M.;3089
Rusakov, S.G.;3090
Ulyanov, S.L.;3091
Zharov, M.M.;3092
Chen, F.;3093
Hei Kam;3094
Tsu-Jae King Liu;3095
Wang, V.;3096
Furukawa, H.;3097
Singhal, L.;3098
Ruei-Rung Lee;3099
Datta, R.;3100
Jepsen, Mary Lou;3101
Phillips, Joel;3102
Keutzer, Kurt;3103
Wrinn, Michael;3104
Palmers, P.;3105
Kuen-Yu Tsai;3106
Meng-Fu You;3107
Ng, Philip C.W.;3108
Backes, J.;3109
Taylor, M.;3110
Baden, S.B.;3111
Dolecek, L.;3112
Qazi, M.;3113
Shah, D.;3114
Tagiku, B.;3115
Cline, B.T.;3116
Chklovskii, Dmitri;3117
Che-Yu Liu;3118
Meric, I.;3119
Kim, P.;3120
Bailey, Dan;3121
Soenen, Eric;3122
Gupta, Puneet;3123
Villarrubia, Paul;3124
Sang Dhong,;3125
Leibowitz, B.S.;3126
Jeeradit, M.;3127
Bastani, P.;3128
Killpack, K.;3129
Keng, B.;3130
Strasser, M.;3131
Eick, M.;3132
Grab, H.;3133
Yung-Chung Chang;3134
Gross, K.C.;3135
Gururaj, K.;3136
Han, G.;3137
Kaplan, A.;3138
Naik, M.;3139
Reinman, G.;3140
Allec, N.;3141
Hassan, Z.;3142
Yang, Ronggui;3143
Chul-Hong Park;3144
Xu, X.;3145
Hailong Yao;3146
Fatemi, H.;3147
Faruque, M.A.A.;3148
Myong Hyon Cho;3149
Chih-Chi Cheng;3150
Kinsy, M.;3151
Suh, G.E.;3152
Gengsheng Chen;3153
Lifeng Wu;3154
Bonny, Talal;3155
Mitra, Subhasish;3156
Iyer, Ravishankar K.;3157
Trivedi, Kishor;3158
Tschanz, James W.;3159
Ghasemazar, M.;3160
Tao Xu;3161
Pamula, V.K.;3162
Po-Chun Huang;3163
Chang, Che-Wei;3164
Camurati, P.;3165
Elakkumanan, P.;3166
Loi, I.;3167
Fujita, Shinobu;3168
Rakhlin, A.;3169
Weiqing Guo;3170
Yu Zhong;3171
Burd, T.;3172
Ragheb, T.;3173
Vasilyev, D.;3174
Jinyu Zhang;3175
Yan Wang;3176
Chao Wang,;3177
Ganai, Malay;3178
Lahiri, Shuvendu;3179
Kroening, Daniel;3180
Peng Gao;3181
Youngjin Cho;3182
Nieuwoudt, A.;3183
Kuehlmann, Andreas;3184
Aitken, Rob;3185
Bautista, Jerry;3186
Maly, Wojceich;3187
Rabaey, Jan;3188
Schaeffer, G.;3189
Rubin, A.;3190
Borkam, F.;3191
Bild, D.R.;3192
Misra, S.;3193
Chantemy, T.;3194
Kumar, P.;3195
Huy, X.S.;3196
Li Shangz;3197
Blanc, N.;3198
Pan, David Z.;3199
Renwick, Stephen;3200
Singh, Vivek;3201
Huckabay, Judy;3202
Kozhaya, J.;3203
2015/06/23 15:04:32;3204
Stiff, G.;3205
Ananthan, H.;3206
Cakici, T.;3207
Wang, X.;3208
Roska, T.;3209
Takahashi, O.;3210
Cook, R.;3211
Cottier, S.;3212
Dhong, S.H.;3213
Flachs, B.;3214
Kawasumi, A.;3215
Murakami, H.;3216
Noro, H.;3217
Oh, H.;3218
Onish, S.;3219
Pille, J.;3220
Silberman, J.;3221
Khatri, S.;3222
Rajaram, A.;3223
McGuinness, P.;3224
Ho-Yan Wong;3225
Aravind Vijayakumar;3226
Bordoley, D.;3227
Nguyen, H.;3228
Raudvere, T.;3229
Sander, I.;3230
Srinivasan, K.;3231
Konjevod, G.;3232
Srivastava, N.;3233
McGowen, R.;3234
Trivedi, V.P.;3235
Fossum, J.G.;3236
Mathew, L.;3237
Chowdhury, M.M.;3238
Zhang, W.;3239
Workman, G.O.;3240
Nguyen, B.Y.;3241
Shah, S.;3242
Sharma, D.;3243
Staszewski, R.B.;3244
Muhammad, K.;3245
Leipold, D.;3246
Suwen Yang;3247
Greenstreet, M.;3248
Hyeonmin Lim;3249
Kyungsoo Lee;3250
Rowlette, J.;3251
Pop, E.;3252
Panzer, M.;3253
Goodson, K.;3254
Koelbl, A.;3255
Yuan Lu;3256
Mondal, M.;3257
Jyh-Herng Wang;3258
Boianapally, K.D.;3259
Ran, Y.;3260
Algol, I.;3261
Romesis, M.;3262
Sarvesh Bhardwaj;3263
Rothemund, P.W.K.;3264
Chen, H.;3265
Yeh, C.;3266
Reddy, S.;3267
Walker, W.;3268
Srinivas, B.;3269
Jun Li;3270
Chaudhary, A.;3271
Chen, D.Z.;3272
Whitton, K.;3273
Ravichandran, R.;3274
Venkateswarant, N.;3275
Tsu-Jae King;3276
Racu, R.;3277
Kouroussis, D.;3278
Se Jong Oh;3279
Tag Gon Kim;3280
Xin Hao;3281
Li, F.;3282
Celik, M.;3283
Dwyer, C.;3284
Likharev, K.K.;3285
Shyh-Chang Lin;3286
Chulsung Park;3287
Hang Li;3288
Zhenyu Qi;3289
Jun Kong;3290
McGaughy, B.;3291
Schafer, M.K.F.;3292
Hollstein, T.;3293
Zimmer, H.;3294
Suihua Lu;3295
Huaizhi Wu;3296
I-Min Liu;3297
Yusu Wang;3298
Bayazit, A.A.;3299
Wu, D.;3300
Quiyang Li;3301
Rong Jiang;3302
Wenyin Fu;3303
Lin, V.;3304
Dutta, P.K.;3305
Culler, D.E.;3306
Bond, B.;3307
Lizheng Zhang;3308
Shenoy, N.V.;3309
Flynn, M.P.;3310
Jaeyoung Kang, J.;3311
Ghoneima, M.;3312
Khellah, M.;3313
Nguyen, M.D.;3314
Chan, J.;3315
Schott, B.;3316
Bajura, M.;3317
Sehgal, A.;3318
Tun-Shih Chen;3319
Wanju Chiang;3320
Taeho Kgil;3321
O, K.K.;3322
Floyd, B.;3323
Mehta, J.;3324
Yoon, H.;3325
Hung, C.-M.;3326
Bravo, D.;3327
Dickson, T.;3328
Guo, X.;3329
Li, R.;3330
Trichy, N.;3331
Caserta, J.;3332
Bomstad, W.;3333
Branch, J.;3334
Yang, D.-J.;3335
Bohorquez, J.;3336
Chen, J.;3337
Seok, E.-Y.;3338
Gao, L.;3339
Sugavanam, A.;3340
Lin, J.-J.;3341
Yu, S.;3342
Cao, C.;3343
Hwang, M.-H.;3344
Hwang, S.-H.;3345
Wu, H.;3346
Zhang, N.;3347
Brewer, J.E.;3348
Hongyu Chen;3349
Collins, T.;3350
Chou, N.;3351
Suaris, P.;3352
Lam, W.-C.D.;3353
Jam, J.;3354
Fang, C.F.;3355
Xie Xiaolin;3356
Boning, D.S.;3357
Martinelli, A.;3358
Lingling Jin;3359
Wei Wu;3360
Ishihara, T.;3361
Guilin Chen;3362
Tsukamoto, Y.;3363
Nii, K.;3364
Imaoka, S.;3365
Oda, Y.;3366
Ohbayashi, S.;3367
Yoshizawa, T.;3368
Makino, H.;3369
Ishibashi, K.;3370
Shinohara, H.;3371
Kwok-Shing Leung;3372
Ahmedtt, S.;3373
Ruiz-Sautua, R.;3374
Jianfeng Luo;3375
Qing Su;3376
Yinghua Li;3377
Chao-Yang Yeh;3378
Pant, S.;3379
Iyer, M.K.;3380
Zaraket, F.;3381
Egorov, S.;3382
Fraer, R.;3383
Korchemny, D.;3384
Vardi, M.Y.;3385
Liang Deng;3386
Chang, A.F.;3387
2015/06/23 15:00:55;3388
Chanchin Su;3389
Yue-Tsang Chen;3390
Yuan-Tzu Ting;3391
Wanlin Cao;3392
Betz, V.;3393
Rose, J.;3394
Woohyuk Lee;3395
Pardo, A.;3396
Hachtel, G.;3397
Maly, W.;3398
Heineken, H.;3399
Khare, J.;3400
Van Eijk, C.A.J.;3401
Yamashita, S.;3402
Hartanto, I.;3403
Fuchs, W.K.;3404
Chung, K.-S.;3405
Gupta, R.K.;3406
Agrawal, A.;3407
Bjorksten, A.;3408
Rosser, T.E.;3409
Chen, Y.-A.;3410
Jun-Fa Mao;3411
Chen, X.T.;3412
Lombardi, F.;3413
Kondo, H.;3414
Charbon, E.;3415
Gharpurey, R.;3416
Meyer, R.G.;3417
Van Campenhout, D.;3418
Ciesielski, M.;3419
Guowu Zheng;3420
Qi-Jun Zhang;3421
Chappell, B.A.;3422
Fleischer, B.M.;3423
Zhou, H.;3424
Ghosh, A.;3425
Sentovich, E.M.;3426
Toma, H.;3427
Berry, G.;3428
Shin-Ichi Minato;3429
Wen-Jong Fang;3430
Zien, J.Y.;3431
Schlag, M.D.F.;3432
Chan, P.K.;3433
Xue, T.;3434
Wang, Q.;3435
Ghosh, I.;3436
Johnson, E.W.;3437
Brockman, J.B.;3438
Vigeland, R.;3439
Wen Xiaoqing;3440
Heineken, H.T.;3441
Chih-Shun Ding;3442
Cheng-Ta Haieh;3443
Paul, D.;3444
Vittal, A.;3445
Ha, H.;3446
Lee, E.A.;3447
Jason Cong;3448
Roberts, G.W.;3449
Rudnick, E.M.;3450
Vassiliou, I.;3451
Chang, H.;3452
Miliozzi, P.;3453
Kiefer, G.;3454
Okamoto, T.;3455
Ciplickas, D.J.;3456
Rohrer, R.A.;3457
Behrens, D.;3458
Harbich, K.;3459
Chakraborty, K.;3460
Xi, J.G.;3461
Chaudhuri, S.;3462
Quayle, M.;3463
Shantanu Dutt;3464
Wenyong Deng;3465
Marques Silva, J.P.;3466
Corey, S.D.;3467
Young, C.;3468
Fowler, J.;3469
Kerstetter, P.;3470
Darnauer, J.;3471
Masuko, K.;3472
Mehra, R.;3473
Rabaey, J.;3474
Sivaraman, M.;3475
Hsiao-Ping Juan;3476
Gajski, D.D.;3477
Chaiyakul, V.;3478
Marwedel, P.;3479
Jiing-Yuan Lin;3480
Hong, W.;3481
Sun, W.;3482
Zhu, Z.;3483
Ji, H.;3484
Amin, M.B.;3485
Kamon, M.;3486
Malavasi, E.;3487
Coulman, P.K.;3488
Morrill, G.L.;3489
Heragu, K.;3490
Agrawal, V.;3491
Schilp, W.J.;3492
Yamanouchi, T.;3493
Tamakashi, K.;3494
Kambe, T.;3495
Lehmann, G.;3496
Wunder, B.;3497
Muller-Glaser, K.D.;3498
Ho, R.C.;3499
Lubaszewski, M.;3500
Pulz, L.;3501
Lehther, D.;3502
Iwashita, H.;3503
Nakata, T.;3504
Hirose, F.;3505
Felt, E.;3506
Zanella, S.;3507
Guardiani, C.;3508
2015/06/23 15:02:09;3509
2015/06/23 15:08:06;3510
Di-an Li;3511
Althoff, M.;3512
Yaldiz, S.;3513
Rajhans, A.;3514
Seokjoong Kim;3515
Prenat, G.;3516
Dieny, B.;3517
Nozieres, J.;3518
DiPendina, G.;3519
Torki, K.;3520
Kao, M.Y.C.;3521
Jin Shi;3522
Naifeng Jing;3523
Weifeng He;3524
Zhigang Mao;3525
Owaida, M.;3526
Bellas, N.;3527
Antonopoulos, C.D.;3528
Medeiros-Ribeiro, G.;3529
Nickel, Janice H.;3530
Yang, J.J.;3531
Nahapetian, A.;3532
Mo Xu;3533
Ling Ren;3534
Xiaorui Zhang;3535
Yong He;3536
Ningyi Xu;3537
Khudia, D.S.;3538
Venkatesan, R.;3539
Chin-Yuan Huang;3540
Hung-Hsin Chen;3541
Sheng Li;3542
Ke Chen;3543
Ahn, Jung Ho;3544
Krichmar, J.L.;3545
Nageswaran, J.M.;3546
Richert, M.;3547
Chia-Cheng Tso;3548
Yedlapalli, P.;3549
Kultursay, E.;3550
Kandemir, M.T.;3551
Yi-Peng Weng;3552
Chien-Hung Chen;3553
Wei-Zen Chen;3554
Chen, C.-H.O.;3555
Sunghyun Park;3556
Li-Shiuan Peh;3557
Stratigopoulos, H.;3558
Drineas, P.;3559
Hao Qian;3560
Condley, W.J.;3561
Xuchu Hu;3562
Yuan-Kai Ho;3563
Hu-Hsi Yeh;3564
Cheng-Yin Wu;3565
Smullen, C.W.;3566
Nigam, A.;3567
Gurumurthi, S.;3568
Winston, D.;3569
Xuebei Yang;3570
Hsiou-Yuan Liu;3571
Yen-Cheng Chou;3572
Smith, D.E.;3573
Ayupov, A.;3574
DeBole, M.;3575
Maashri, A.A.;3576
Yu, C.-L.;3577
Seokhyun Lee;3578
Cochran, R.;3579
Coskun, A.;3580
Amsallem, D.;3581
Pak, J.S.;3582
Zhiyu Zeng;3583
Tong Xu;3584
Rogachev, A.;3585
Hui Zhao;3586
Yong-Chan Ban;3587
Xiaochun Yu;3588
Nowak, M.;3589
Kodi, A.;3590
Morris, R.;3591
DiTomaso, D.;3592
Sarathy, A.;3593
Louri, A.;3594
Guangdeng Liao;3595
Quintanilla, R.;3596
Huai, Yiming;3597
Yuchen Zhou;3598
Tudosa, I.;3599
Malmhall, R.;3600
Ranjan, R.;3601
Jing Zhang;3602
Hui-Fang Tsao;3603
Pang-Yen Chou;3604
Duan-Ping Chen;3605
Sheng Chou;3606
Tzu-Hen Lin;3607
Haque, M.S.;3608
Peddersen, J.;3609
Sharifi, A.;3610
Bellamy, R.;3611
Dispoto, G.;3612
Lak, Z.;3613
Yuhui Huang;3614
Bo Yuan;3615
Sangwoo Han;3616
Joohee Choung;3617
Byung-Su Kim;3618
Bong Hyun Lee;3619
Hungbok Choi;3620
Juho Kim;3621
Thornquist, H.;3622
Keiter, E.;3623
Hutchinson, S.;3624
Chen Liao;3625
Seung Woo Son;3626
Kravets, V.;3627
El-Husseini, A.M.;3628
Morrise, M.;3629
Pin-Yi Kuo;3630
McCarter, C.;3631
Hung-Chih Ou;3632
Wang, L.;3633
Olbrich, M.;3634
Buchner, T.;3635
Buhler, M.;3636
Panitz, P.;3637
Yiding Han;3638
Ancajas, D.M.;3639
Grange, M.;3640
Tenentes, V.;3641
Kavousianos, X.;3642
Miao Hu;3643
Pino, R.E.;3644
Boyang Zhang;3645
Yehua Su;3646
Sacchetto, D.;3647
De Marchi, M.;3648
Velamala, J.B.;3649
Ravi, V.;3650
Kilada, E.;3651
Xin Gao;3652
Macchiarulo, L.;3653
Shafiee, A.;3654
Zolghadr, M.;3655
Arjomand, M.;3656
Sarbazi-azad, H.;3657
Nien-Yu Tsai;3658
Che-Rung Lee;3659
Yuanrui Zhang;3660
Jun Liu;3661
Sheng-Guo Wang;3662
De Jonghe, D.;3663
Xu He;3664
Guxin Cui;3665
Patel, S.J.;3666
Sigl, G.;3667
Hong-Ting Lin;3668
Linderoth, J.T.;3669
Lamech, C.;3670
Aarestad, J.;3671
Rad, R.;3672
Firouzi, F.;3673
Gaster, B.;3674
Balakrishnan, K.;3675
Xi Liu;3676
Sitaraman, S.K.;3677
